DBN,School,Cleanliness
01M034,P.S. 034 Franklin D. Roosevelt,0.142857143
01M140,P.S. 140 Nathan Straus,0.426356589
01M184,P.S. 184m Shuang Wen,0.575342466
01M188,P.S. 188 The Island School,0.964285714
01M292,Henry Street School for International Studies,0.106060606
01M301,"Technology, Arts, and Sciences Studio",-0.040816327
01M332,University Neighborhood Middle School,0.534246575
01M345,"Collaborative Academy of Science, Technology, & Language-Arts Education",0.010309278
01M378,School for Global Leaders,0.142857143
01M448,University Neighborhood High School,0.66507177
01M450,East Side Community School,0.675417661
01M458,Forsyth Satellite Academy,0.860465116
01M509,Marta Valle High School,-0.15
01M515,Lower East Side Preparatory High School,0.817629179
01M539,"New Explorations into Science, Technology and Math High School",0.331592689
01M650,Cascades High School,0.836363636
01M696,Bard High School Early College,0.604255319
01M839,Tompkins Square Middle School,0.369565217
02M047,47 The American Sign Language and English Secondary School,-0.008
02M104,J.H.S. 104 Simon Baruch,0.341517857
02M111,P.S. 111 Adolph S. Ochs,-0.288888889
02M114,East Side Middle School,0.95215311
02M126,P.S. 126 Jacob August Riis,0.768211921
02M131,M.S. 131,0.409638554
02M135,The Urban Assembly School for Emergency Management,0.704142012
02M139,Stephen T. Mather Building Arts & Craftsmanship High School,0.666666667
02M167,J.H.S. 167 Robert F. Wagner,0.349487418
02M177,Yorkville East Middle School,0.644444444
02M217,P.S./I.S. 217 Roosevelt Island,0.87755102
02M225,Ella Baker School,0.265306122
02M255,M.S. 255 Salk School of Science,0.866666667
02M260,M.S. 260 Clinton School Writers & Artists,0.48245614
02M276,BATTERY PARK CITY SCHOOL,0.61627907
02M280,Manhattan Early College School for Advertising,0.75
02M282,Urban Assembly Maker Academy,0.675675676
02M288,Food and Finance High School,0.265454545
02M289,I.S. 289,0.658730159
02M294,Essex Street Academy,0.46835443
02M296,High School of Hospitality Management,0.477272727
02M298,Pace High School,0.295454545
02M300,"Urban Assembly School of Design and Construction, The",0.366795367
02M303,"Facing History School, The",0.595959596
02M305,"Urban Assembly Academy of Government and Law, The",0.220657277
02M308,Lower Manhattan Arts Academy,0.148288973
02M312,New York City Lab Middle School for Collaborative Studies,-0.083870968
02M313,"James Baldwin School, The: A School for Expeditionary Learning",0.67816092
02M316,"Urban Assembly School of Business for Young Women, the",0.136363636
02M347,The 47 American Sign Language & English Lower School,-0.043478261
02M374,Gramercy Arts High School,-0.229219144
02M376,NYC iSchool,0.678929766
02M392,MANHATTAN BUSINESS ACADEMY,0.202846975
02M393,BUSINESS OF SPORTS SCHOOL,0.495384615
02M394,EMMA LAZARUS HIGH SCHOOL,0.914110429
02M399,THE HIGH SCHOOL FOR LANGUAGE AND DIPLOMACY,0.077966102
02M400,High School for Environmental Studies,0.378212974
02M407,Institute for Collaborative Education,0.375375375
02M408,Professional Performing Arts High School,-0.299492386
02M411,Baruch College Campus High School,0.490909091
02M412,N.Y.C. Lab School for Collaborative Studies,-0.014861996
02M413,School of the Future High School,0.162705667
02M414,N.Y.C. Museum School,0.23902439
02M416,Eleanor Roosevelt High School,0.797938144
02M418,Millennium High School,0.878676471
02M419,Landmark High School,0.421052632
02M420,High School for Health Professions and Human Services,0.561377246
02M422,Quest to Learn,-0.216931217
02M425,Leadership and Public Service High School,0.502008032
02M427,MANHATTAN ACADEMY FOR ARTS & LANGUAGE,0.754010695
02M429,Legacy School for Integrated Studies,0.692307692
02M432,Murray Hill Academy,0.594059406
02M437,Hudson High School of Learning Technologies,0.359223301
02M438,International High School at Union Square,0.398843931
02M439,Manhattan Village Academy,0.754768392
02M442,"Ballet Tech, NYC Public School for Dance",0.7
02M449,Vanguard High School,0.570032573
02M459,Manhattan International High School,0.711864407
02M460,Washington Irving High School,0.428571429
02M473,Washington Irving Yabc,0.652173913
02M475,Stuyvesant High School,0.775193798
02M489,High School of Economics and Finance,0.641732283
02M500,Unity Center for Urban Technologies,0.7
02M507,Urban Assembly Gateway School for Technology,0.623762376
02M519,Talent Unlimited High School,0.233256351
02M520,Murry Bergtraum High School for Business Careers,0.102739726
02M529,Jacqueline Kennedy Onassis High School,0.259515571
02M531,Repertory Company High School for Theatre Arts,0.74863388
02M533,Union Square Academy for Health Sciences,0.065326633
02M534,Harvest Collegiate High School,0.226277372
02M542,Manhattan Bridges High School,0.791666667
02M543,New Design High School,0.253846154
02M545,High School for Dual Language and Asian Studies,0.598901099
02M546,Academy for Software Engineering,0.230769231
02M550,Liberty High School Academy for Newcomers,0.653846154
02M551,Urban Assembly New York Harbor School,0.611111111
02M560,High School M560 - City As School,0.863013699
02M565,Urban Academy Laboratory High School,0.775280899
02M570,Satellite Academy High School,0.926470588
02M575,Manhattan Comprehensive Night and Day High School,0.951515152
02M580,Richard R. Green High School of Teaching,0.368770764
02M586,Harvey Milk High School,0.894736842
02M600,The High School of Fashion Industries,0.055478502
02M605,Humanities Preparatory Academy,0.616666667
02M615,Chelsea Career and Technical Education High School,0.455737705
02M625,High School of Graphic Communication Arts,0.333333333
02M630,Art and Design High School,0.255892256
02M655,Life Sciences Secondary School,-0.241573034
02M896,Lower Manhattan Community Middle School,0.851239669
02M933,City Knoll Middle School,0.44
03M054,J.H.S. 054 Booker T. Washington,0.527322404
03M076,P.S. 076 A. Philip Randolph,0.744360902
03M149,P.S. 149 Sojourner Truth,-0.225806452
03M165,P.S. 165 Robert E. Simon,0.511904762
03M180,P.S. 180 Hugo Newman,0.235772358
03M191,P.S. 191 Amsterdam,-0.129770992
03M243,M.S. 243 Center School,0.703225806
03M245,M.S. M245 The Computer School,0.466666667
03M247,M.S. M247 Dual Language Middle School,0.952380952
03M250,M.S. 250 West Side Collaborative Middle School,0.675324675
03M256,M.S. 256 Academic & Athletic Excellence,0.3125
03M258,Community Action School - MS 258,0.479591837
03M283,Manhattan Theatre Lab High School,-0.170731707
03M299,"High School for Arts, Imagination and Inquiry",0.155234657
03M307,"Urban Assembly School for Media Studies, The",0.386759582
03M333,P.S. 333 Manhattan School for Children,0.572327044
03M334,The Anderson School,0.371794872
03M402,The Urban Assembly School for Green Careers,-0.055276382
03M403,The Global Learning Collaborative,0.342222222
03M404,Innovation Diploma Plus,0.836065574
03M415,Wadleigh Secondary School for the Performing & Visual Arts,0.245136187
03M417,FRANK McCOURT HIGH SCHOOL,0.40952381
03M421,West Prep Academy,0.282051282
03M479,Beacon High School,0.646522235
03M485,Fiorello H. LaGuardia High School of Music & Art and Performing Arts,0.069457659
03M492,"High School for Law, Advocacy and Community Justice",-0.058064516
03M494,High School of Arts and Technology,0.036649215
03M505,Edward A. Reynolds West Side High School,0.815789474
03M541,Manhattan / Hunter Science High School,0.607476636
03M859,Special Music School,0.660714286
03M860,Frederick Douglass Academy II Secondary School,0.18061674
03M862,Mott Hall II,0.448028674
04M007,P.S. 007 Samuel Stern,0.048780488
04M012,Tag Young Scholars,0.454545455
04M013,J.H.S. 013 Jackie Robinson,0.357142857
04M057,James Weldon Johnson,0.228070175
04M072,The Lexington Academy,0.661538462
04M096,P.S. 096 Joseph Lanzetta,0.338461538
04M108,P.S. 108 Assemblyman Angelo Del Toro Educational Complex,0.587301587
04M171,P.S. 171 Patrick Henry,0.796226415
04M206,P.S. 206 Jose Celso Barbosa,0.176470588
04M224,M.S. 224 Manhattan East School for Arts & Academics,0.247863248
04M372,ESPERANZA PREPARATORY ACADEMY,0.381443299
04M377,Renaissance School of the Arts,0.457142857
04M381,Global Neighborhood Secondary School,0.625
04M406,Global Technology Preparatory,0.539568345
04M409,Coalition School for Social Change,0.248484848
04M435,Manhattan Center for Science and Mathematics,0.475770925
04M495,Park East High School,0.764350453
04M555,Central Park East High School,0.697612732
04M610,Young Women's Leadership School,0.529126214
04M680,"Heritage School, The",0.117647059
04M825,Isaac Newton Middle School for Math & Science,0.162790698
05M046,P.S. 046 Arthur Tappan,0.119565217
05M123,P.S. 123 Mahalia Jackson,-0.037037037
05M129,P.S. 129 John H. Finley,0.033707865
05M148,Eagle Academy for Young Men of Harlem,0.228915663
05M157,The Urban Assembly School for Global Commerce,0.084745763
05M161,P.S. 161 Pedro Albizu Campos,0.35971223
05M285,Harlem Renaissance High School,0.694444444
05M286,I.S. M286 Renaissance Leadership Academy,0.851351351
05M302,KAPPA IV,-0.106060606
05M304,Mott Hall High School,0.147453083
05M362,Columbia Secondary School,0.032258065
05M367,Academy for Social Action: A College Board School,0.04950495
05M369,Urban Assembly School for the Performing Arts,0.18556701
05M410,The Urban Assembly Institute for New Technologies,0.285714286
05M469,Choir Academy of Harlem,0.169811321
05M499,Frederick Douglass Academy,-0.172972973
05M514,New Design Middle School,0.014084507
05M670,Thurgood Marshall Academy for Learning and Social Change,0.171355499
05M685,Bread & Roses Integrated Arts High School,0.275362319
05M692,"High School for Mathematics, Science and Engineering at City College",0.005405405
06M018,P.S. 018 Park Terrace,0.55
06M052,J.H.S. 052 Inwood,0.03
06M143,J.H.S. 143 Eleanor Roosevelt,-0.010238908
06M187,P.S./I.S. 187 Hudson Cliffs,0.611111111
06M209,Hamilton Grange Middle School,0.361702128
06M210,P.S./I.S. 210 - Twenty-first Century Academy for Community Leadership,0.584615385
06M211,Inwood Early College for Health and Information Technologies,0.786666667
06M218,I.S. 218 Salome Urena,0.471910112
06M223,The Mott Hall School,0.237704918
06M278,Paula Hedbavny School,0.75
06M293,City College Academy of the Arts,0.242677824
06M311,Amistad Dual Language School,0.387096774
06M319,M.S. 319 - Maria Teresa,0.78111588
06M322,Middle School 322,0.125984252
06M324,M.S. 324 - Patria Mirabal,0.680851064
06M326,M.S. 326 - Writers Today & Leaders Tomorrow,0.590361446
06M328,M.S. 328 - Manhattan Middle School for Scientific Inquiry,0.316770186
06M346,Community Health Academy of the Heights,0.78528827
06M348,Washington Heights Expeditionary Learning School,0.41686747
06M349,Harbor Heights,0.666666667
06M366,Washington Heights Academy,0.56
06M423,High School for Excellence and Innovation,0.7
06M457,George Washington Yabc,0.742574257
06M462,The College Academy,0.413533835
06M463,High School for Media and Communications,0.016
06M467,High School for Law and Public Service,0.262626263
06M468,High School for Health Careers and Sciences,0.121718377
06M528,I.S. 528 Bea Fuller Rodgers School,0.539473684
06M540,A. Philip Randolph Campus High School,0.25974026
06M552,Gregorio Luperon High School for Science and Mathematics,0.915407855
07X005,PS 5 Port Morris,0.198019802
07X029,P.S./M.S. 029 Melrose School,0.639810427
07X031,P.S./M.S. 031 The William Lloyd Garrison,0.323383085
07X151,J.H.S. 151 Lou Gehrig,0.273743017
07X162,J.H.S. 162 Lola Rodriguez De Tio,0.351351351
07X203,M.S. 203,0.173913043
07X221,South Bronx Preparatory: A College Board School,0.615212528
07X223,M.S. 223 The Laboratory School of Finance and Technology,0.432525952
07X224,P.S. / I.S. 224,0.093877551
07X259,"H.E.R.O. High (Health, Education, and Research Occupations High School)",0.503355705
07X296,South Bronx Academy for Applied Media,0.109375
07X298,Academy of Public Relations,0.15
07X321,Crotona Academy High School,0.794117647
07X334,International Community High School,0.671232877
07X343,Academy of Applied Mathematics and Technology,0.7
07X379,Jill Chaifetz Transfer High School,0.854545455
07X381,Bronx Haven High School,0.847619048
07X427,Community School for Social Justice,0.807228916
07X456,Alfred E. Smith Campus YABC,0.938931298
07X473,Mott Haven Village Preparatory High School,0.28440367
07X495,University Heights Secondary School,0.554455446
07X500,Hostos-Lincoln Academy of Science,-0.207070707
07X520,Foreign Language Academy of Global Studies,0.205128205
07X522,Bronx Design and Construction Academy,0.564954683
07X527,Bronx Leadership Academy II High School,0.833962264
07X547,New Explorers High School,0.347150259
07X548,Urban Assembly School for Careers in Sports,0.710982659
07X551,The Urban Assembly Bronx Academy of Letters,0.012048193
07X557,Mott Haven Community High School,0.863247863
07X600,Alfred E. Smith Career and Technical Education High School,0.471861472
07X655,Samuel Gompers Career and Technical Education High School,0.575757576
07X670,Health Opportunities High School,0.525606469
08X071,P.S. 071 Rose E. Scala,0.011494253
08X101,M.S. X101 Edward R. Byrne,0.41314554
08X123,J.H.S. 123 James M. Kieran,-0.014814815
08X125,J.H.S. 125 Henry Hudson,0.040816327
08X131,J.H.S. 131 Albert Einstein,-0.008230453
08X269,Bronx Studio School for Writers and Artists,0.274924471
08X282,Women's Academy of Excellence,-0.413043478
08X293,Renaissance High School for Musical Theater & Technology,0.421245421
08X295,Gateway School for Environmental Research and Technology,0.028571429
08X301,M.S. 301 Paul L. Dunbar,0.555555556
08X302,M.S. 302 Luisa Dessus Cruz,0.936416185
08X305,Pablo Neruda Academy,0.34
08X312,Millennium Art Academy,0.212827988
08X320,Pelham Lab High School,-0.00621118
08X332,Holcombe L. Rucker School of Community Research,0.476190476
08X337,The School for Inquiry and Social Justice,0.009966777
08X348,Schuylerville Preparatory High School,0.666666667
08X349,Bronx River High School,0.258741259
08X366,Urban Assembly Academy of Civic Engagement,0.272727273
08X367,"Archimedes Academy for Math, Science and Technology Applications",-0.011135857
08X371,Urban Institute of Mathematics,0.521367521
08X375,The Bronx Mathematics Preparatory School,-0.018691589
08X376,Antonia Pantoja Preparatory Academy: A College Board School,-0.214574899
08X377,Bronx Community High School,0.685714286
08X405,Herbert H. Lehman High School,-0.21898928
08X408,Herbert H. Lehman Yabc,0.362318841
08X424,The Hunts Point School,0.173184358
08X432,BRONX BRIDGES HIGH SCHOOL,0.587301587
08X448,Soundview Academy for Culture and Scholarship,0.419117647
08X452,Bronx Guild,0.48502994
08X467,Mott Hall Community School,0.202312139
08X507,Stevenson Yabc,0.820224719
08X519,"Felisa Rincon de Gautier Institute for Law and Public Policy, The",0.431372549
08X530,Banana Kelly High School,0.236641221
08X537,Bronx Arena High School,0.924528302
08X558,Westchester Square Academy,0.177419355
08X559,School for Tourism and Hospitality,0.35443038
08X561,Bronx Compass High School,0.573033708
08X562,Blueprint Middle School,-0.071038251
08X650,Jane Addams High School for Academic Careers,0.533333333
09X004,P.S./M.S. 004 Crotona Park West,0.85106383
09X022,J.H.S. 022 Jordan L. Mott,0.058441558
09X117,I.S. 117 Joseph H. Wade,0.036876356
09X128,Mott Hall III,0.540880503
09X145,J.H.S. 145 Arturo Toscanini,0.62745098
09X215,Kappa,0.152073733
09X218,P.S./I.S. 218 Rafael Hernandez Dual Language Magnet School,0.271111111
09X219,I.S. 219 New Venture School,-0.043062201
09X227,Bronx Collegiate Academy,0.302564103
09X229,I.S. 229 Roland Patterson,-0.043956044
09X231,Eagle Academy for Young Men,0.396907216
09X232,I.S. 232,0.38372093
09X241,"Urban Assembly School for Applied Math and Science, The",0.410334347
09X250,Eximius College Preparatory Academy: A College Board School,0.501355014
09X252,Mott Hall Bronx High School,0.592156863
09X260,Bronx Center for Science and Mathematics,0.497354497
09X263,Validus Preparatory Academy: An Expeditionary Learning School,0.548387097
09X276,Leadership Institute,0.393258427
09X297,Morris Academy for Collaborative Studies,0.429508197
09X303,I.S. X303 Leadership & Community Service,0.59375
09X313,I.S. 313 School of Leadership Development,-0.114893617
09X323,Bronx Writing Academy,-0.037593985
09X324,Bronx Early College Academy for Teaching & Learning,0.145251397
09X325,Urban Science Academy,0.370558376
09X327,Comprehensive Model School Project M.S. 327,0.824945295
09X328,New Millennium Business Academy Middle School,0.319148936
09X329,DreamYard Preparatory School,0.504
09X339,I.S. 339,-0.152815013
09X350,New Directions Secondary School,0.981818182
09X361,The Highbridge Green School,0.964285714
09X365,Academy for Language and Technology,0.828996283
09X403,Bronx International High School,0.799283154
09X404,School for Excellence,0.428571429
09X412,Bronx High School of Business,0.086757991
09X413,Bronx High School for Medical Science,-0.049019608
09X414,Jonathan Levin High School for Media and Communications,0.216216216
09X454,Science and Technology Academy: A Mott Hall School,0.8767507
09X505,"Bronx School for Law, Government and Justice",0.340050378
09X517,Frederick Douglass Academy III Secondary School,0.312883436
09X525,Bronx Leadership Academy High School,0.035714286
09X543,High School for Violin and Dance,-0.127962085
09X564,Claremont International HS,0.5375
09X568,Young Women's Leadership School of the Bronx,0.376146789
10X003,P.S. 3 Raul Julia Micro Society,0.621621622
10X015,P.S. X015 Institute for Environmental Learning,0.185185185
10X020,"PS/MS 20 P.O.George J. Werdann, III",-0.122641509
10X037,P.S. X037 - Multiple Intelligence School,0.216494845
10X045,Thomas C. Giordano Middle School 45,0.260536398
10X080,J.H.S. 080 The Mosholu Parkway,0.134796238
10X086,P.S. 086 Kingsbridge Heights,0.934782609
10X095,P.S. 095 Sheila Mencher,0.302180685
10X118,J.H.S. 118 William W. Niles,0.264563107
10X141,Riverdale / Kingsbridge Academy (Middle School / High School 141),-0.075098814
10X206,I.S. 206 Ann Mersereau,0.195767196
10X213,Bronx Engineering and Technology Academy,0.288659794
10X225,Theatre Arts Production Company School,-0.006451613
10X228,Jonas Bronck Academy,0.926605505
10X237,"The Marie Curie School for Medicine, Nursing, and Health Professions",-0.052631579
10X243,West Bronx Academy for the Future,0.211678832
10X244,The New School for Leadership and Journalism,0.673469388
10X254,I.S. 254,0.307359307
10X264,Bronx Academy for Software Engineering (BASE),0.426356589
10X268,Kingsbridge International High School,0.780487805
10X279,"P.S. 279 Captain Manuel Rivera, Jr.",0.305993691
10X280,P.S./M.S. 280 Mosholu Parkway,0.857142857
10X284,Bronx School of Law and Finance,0.1875
10X308,Bronx Dance Academy School,0.768115942
10X315,P.S. 315 Lab School,0.411764706
10X319,Providing Urban Learners Success In Education High School,-0.040650407
10X331,The Bronx School of Young Leaders,0.348993289
10X342,International School for Liberal Arts,0.595505618
10X351,Bronx Collaborative High School,0.396825397
10X353,World View High School,0.538461538
10X363,ACADEMY FOR PERSONAL LEADERSHIP AND EXCELLENCE,0.589905363
10X368,In-Tech Academy (M.S. / High School 368),0.433283358
10X374,Knowledge and Power Preparatory Academy International High School (Kappa),0.527472527
10X390,M.S. 390,-0.036734694
10X391,The Angelo Patri Middle School,0.012048193
10X397,English Language Learners and International Support Preparatory Academy (ELLIS),0.805128205
10X433,High School for Teaching and the Professions,0.238493724
10X434,Belmont Preparatory High School,0.277777778
10X437,Fordham High School for the Arts,0.684615385
10X438,Fordham Leadership Academy for Business and Technology,0.262820513
10X439,Bronx High School for Law and Community Service,0.418918919
10X440,DeWitt Clinton High School,0.217821782
10X442,"Celia Cruz Bronx High School of Music, The",0.113268608
10X445,Bronx High School of Science,0.325581395
10X447,Creston Academy,0.604221636
10X459,East Fordham Academy for the Arts,0.384615385
10X477,Marble Hill High School for International Studies,0.593406593
10X503,Walton Yabc,0.781818182
10X504,Kennedy Yabc,0.74025974
10X524,Crotona International High School,0.555555556
10X546,Bronx Theatre High School,0.35
10X549,Discovery High School,0.222222222
10X565,High School for Energy and Technology,0.391752577
10X660,Grace Dodge Career and Technical Education High School,0.413333333
10X667,Grace Dodge Yabc,0.768595041
10X696,High School of American Studies at Lehman College,0.9125
11X019,P.S. 019 Judith K. Weiss,0.411764706
11X083,P.S. 083 Donald Hertz,0.092198582
11X089,P.S. 089 Bronx,-0.323232323
11X127,J.H.S. 127 The Castle Hill,-0.302083333
11X142,MS 142 John Philip Sousa,0.012345679
11X144,J.H.S. 144 Michelangelo,0.196261682
11X175,P.S. 175 City Island,0.660377358
11X180,M.S. 180 Dr. Daniel Hale Williams,0.33
11X181,I.S. 181 Pablo Casals,0.143297381
11X194,PS/MS 194,0.578125
11X249,Bronx Health Sciences High School,0.336244541
11X253,Bronx High School for Writing and Communication Arts,0.273743017
11X265,Bronx Lab School,0.289156627
11X270,Academy for Scholarship and Entrepreneurship: A College Board School,0.139393939
11X272,Globe School for Environmental Research,-0.032967033
11X275,High School of Computers and Technology,0.457142857
11X287,The Forward School,0.13253012
11X288,Collegiate Institute for Math and Science,0.024590164
11X289,The Young Scholars Academy of The Bronx,-0.357466063
11X290,Bronx Academy of Health Careers,-0.03196347
11X299,Astor Collegiate Academy,-0.051428571
11X355,Bronx Alliance Middle School,0.042857143
11X370,School of Diplomacy,0.12244898
11X417,C Columbus Hs Yabc,0.921568627
11X418,Bronx High School for the Visual Arts,0.516339869
11X455,Harry S Truman High School,0.224938875
11X462,Cornerstone Academy for Social Action Middle School (CASA),0.5125
11X468,Pelham Academy of Academics and Community Engagement,0.516981132
11X498,PS/MS 11X498 - VAN NEST ACADEMY,0.767741935
11X508,Bronxdale High School,0.1125
11X509,High School of Language and Innovation,0.395973154
11X513,New World High School,0.786585366
11X514,The Bronxwood Preparatory Academy,0.299610895
11X529,One World Middle School at Edenwald,0.350746269
11X532,Baychester Middle School,0.413461538
11X542,Pelham Preparatory Academy,0.123762376
11X544,High School for Contemporary Arts,-0.151079137
11X545,Bronx Aerospace High School,0.159322034
11X556,Bronx Park Middle School,0.05
11X566,Pelham Gardens Middle School,0.4
12X098,J.H.S. 098 Herman Ridder,0.27014218
12X129,M.S. 129 Academy for Independent Learning and Leadership,0.22005571
12X190,E.S.M.T- I.S. 190,-0.314553991
12X211,P.S. 211,0.213114754
12X212,P.S. 212,-0.197368421
12X214,P.S. 214,0.189003436
12X217,School of Performing Arts,-0.215686275
12X242,Mott Hall V,0.888
12X248,"Metropolitan High School, The",0.720588235
12X251,Explorations Academy,0.54973822
12X267,Bronx Latin,0.658986175
12X271,East Bronx Academy for the Future,0.416058394
12X273,Frederick Douglass Academy V. Middle School,-0.034482759
12X278,Peace and Diversity Academy,0.675213675
12X286,Fannie Lou Hamer Middle School,0.224489796
12X316,Kappa III,0.297520661
12X318,"I.S. X318 Math, Science & Technology Through Arts",0.19047619
12X341,Accion Academy,0.351351351
12X372,Urban Assembly School for Wildlife Conservation,0.308270677
12X383,Emolior Academy,0.570621469
12X384,Entrada Academy,0.204301075
12X388,Pan American International High School at Monroe,0.969387755
12X428,Learning To Work Yabc At Monroe Academy,0.777777778
12X446,Arturo A. Schomburg Satellite Academy Bronx,0.73553719
12X478,THE CINEMA SCHOOL,0.786561265
12X479,Bronx Career and College Preparatory High School,0.5
12X480,Bronx Regional High School,0.324324324
12X511,Bronx Envision Academy,0.162790698
12X521,The Metropolitan Soundview High School,0.171717172
12X550,High School of World Cultures,0.468438538
12X682,Fannie Lou Hamer Freedom High School,0.66536965
12X684,Wings Academy,0.236051502
12X692,Monroe Academy for Visual Arts & Design,0.153225806
13K008,P.S. 008 Robert Fulton,0.229508197
13K113,M.S. 113 Ronald Edmonds Learning Center,-0.143518519
13K265,Dr. Susan S. McKinney Secondary School of the Arts,0.033210332
13K266,M.S. K266 - Park Place Community Middle School,0.136363636
13K282,P.S. 282 Park Slope,-0.392156863
13K301,Satellite East Middle School,0.326086957
13K313,Satellite West Middle School,0.333333333
13K350,Urban Assembly High School of Music and Art,0.372384937
13K351,The Urban Assembly Unison School,-0.188811189
13K412,"Brooklyn Community High School of Communication, Arts and Media",0.111111111
13K419,"Science Skills Center High School for Science, Technology and the Creative Arts",-0.060773481
13K430,Brooklyn Technical High School,0.151239251
13K439,Brooklyn International High School,0.889273356
13K483,The Urban Assembly School for Law and Justice,0.567567568
13K492,Academy of Arts and Letters,0.255319149
13K499,ACORN Community High School,-0.009803922
13K527,Urban Assembly Institute of Math and Science for Young Women,0.109677419
13K553,Brooklyn Academy High School,0.726027397
13K575,Bedford Stuyvesant Preparatory High School,0.885714286
13K595,Bedford Academy High School,0.724637681
13K596,MS 596 Peace Academy,0.135135135
13K605,George Westinghouse Career and Technical Education High School,0.232704403
13K616,Brooklyn High School for Leadership and Community Service,0.733333333
13K657,Downtown Brooklyn Yabc,0.761904762
13K670,Benjamin Banneker Academy,-0.089770355
13K674,"City Polytechnic High School of Engineering, Architecture, and Technology",0.329341317
13K691,Fort Greene Preparatory Academy,0.101449275
14K050,J.H.S. 050 John D. Wells,0.365517241
14K071,Juan Morel Campos Secondary School,0.008356546
14K084,P.S. 084 Jose De Diego,0.448275862
14K126,John Ericsson Middle School 126,0.684729064
14K157,P.S. 157 Benjamin Franklin,0.443708609
14K318,I.S. 318 Eugenio Maria De Hostos,0.262184874
14K322,Foundations Academy,0.016949153
14K330,The School for the Urban Environment,0.897435897
14K449,"Brooklyn Latin School, The",-0.035294118
14K454,Green School: An Academy for Environmental Careers,0.173913043
14K474,PROGRESS High School for Professional Careers,-0.001782531
14K477,School for Legal Studies,0.385057471
14K478,"The High School for Enterprise, Business and Technology",0.516339869
14K558,Williamsburg High School for Architecture and Design,0.943319838
14K561,Williamsburg Preparatory School,0.427495292
14K577,Conselyea Preparatory School,0.217171717
14K582,M.S. 582,0.821428571
14K586,Lyons Community School,0.080213904
14K610,Automotive High School,0.45
14K614,Young Women's Leadership School of Brooklyn,-0.02295082
14K632,Frances Perkins Academy,0.615384615
14K685,El Puente Academy for Peace and Justice,0.708108108
14K923,Automotive High School Yabc,0.887323944
15K051,M.S. 51 William Alexander,0.396588486
15K088,J.H.S. 088 Peter Rouget,0.199577614
15K136,I.S. 136 Charles O. Dewey,0.621776504
15K423,Brooklyn Frontiers High School,0.662921348
15K429,Brooklyn School for Global Studies,-0.106060606
15K442,M.S. 442 Carroll Gardens School for Innovation,0.333333333
15K443,New Voices School of Academic & Creative Arts,0.532467532
15K447,The Math & Science Exploratory School,0.251670379
15K448,Brooklyn Secondary School for Collaborative Studies,0.227383863
15K462,Secondary School for Law,0.612403101
15K463,Secondary School for Journalism,-0.034965035
15K464,Park Slope Collegiate,0.174377224
15K497,School for International Studies,-0.049723757
15K519,Cobble Hill School of American Studies,0.182186235
15K529,West Brooklyn Community High School,0.669902913
15K592,Khalil Gibran International Academy,0.759398496
15K656,Brooklyn High School of the Arts,-0.274834437
15K667,Sunset Park High School,0.534751773
15K684,Millennium Brooklyn HS,0.460154242
15K698,South Brooklyn Community High School,0.894736842
15K821,Sunset Park Prep,0.401098901
16K035,M.S. 035 Stephen Decatur,0.849710983
16K057,J.H.S. 057 Whitelaw Reid,0.693430657
16K262,P.S. 262 El Hajj Malik El Shabazz Elementary School,0.580645161
16K267,"M.S. 267 Math, Science & Technology",0.448979592
16K308,P.S. 308 Clara Cardwell,-0.164383562
16K385,"School of Business, Finance and Entrepreneurship",0.396226415
16K393,Frederick Douglass Academy IV Secondary School,0.718309859
16K455,Boys and Girls High School,0.272727273
16K498,Brooklyn High School for Law and Technology,0.008695652
16K534,Upper School @ P.S. 25,0.529411765
16K584,M.S. 584,0.125
16K594,Gotham Professional Arts Academy,0.352112676
16K669,Research and Service High School,0.780821918
16K681,Madiba Prep Middle School,-0.055214724
16K688,The Brooklyn Academy of Global Finance,0.415730337
16K765,Nelson Mandela High School,0.594202899
16K959,BOYS AND GIRLS YABC,0.709677419
17K002,Parkside Preparatory Academy,0.152777778
17K061,M.S. 061 Dr. Gladstone H. Atwell,-0.05859375
17K122,Pathways in Technology Early College High School (P-Tech),0.122807018
17K138,P.S. 138 Brooklyn,0.237113402
17K181,P.S. 181 Brooklyn,-0.204188482
17K189,P.S. 189 The Bilingual Center,0.256410256
17K246,M.S. 246 Walt Whitman,0.124050633
17K334,Middle School for Academic and Social Excellence,0.196078431
17K340,I.S. 340,0.074074074
17K352,Ebbets Field Middle School,0.192982456
17K353,Elijah Stroud Middle School 353,0.288135593
17K354,The School of Integrated Learning,0.96875
17K382,Academy for College Preparation and Career Exploration: A College Board School,-0.25210084
17K394,M.S. K394,-0.248618785
17K408,Academy of Hospitality and Tourism,-0.025641026
17K467,Erasmus Yabc,0.649122807
17K484,Ronald Edmonds Learning Center II,1
17K489,W.E.B. Dubois Academic High School,0.6
17K524,International High School at Prospect Heights,0.603305785
17K528,The High School for Global Citizenship,0.43877551
17K531,"School for Human Rights, The",0.393442623
17K533,School for Democracy and Leadership,-0.029126214
17K537,High School for Youth and Community Development at Erasmus,0.493087558
17K539,High School for Service & Learning at Erasmus,0.151260504
17K543,"Science, Technology and Research Early College High School at Erasmus",0.379157428
17K546,High School for Public Service: Heroes of Tomorrow,0.270886076
17K547,Brooklyn Academy of Science and the Environment,-0.22324159
17K548,Brooklyn School for Music & Theatre,-0.238493724
17K568,Brownsville Academy High School,0.473684211
17K590,Medgar Evers College Preparatory School,0.001675042
17K600,Clara Barton High School,0.001117318
17K722,New Heights Middle School,0.004291845
17K745,Brooklyn Institute for Liberal Arts,0.525252525
17K751,Academy for Health Careers,-0.198473282
18K066,P.S. 66,0.405204461
18K068,I.S. 068 Isaac Bildersee,-0.166180758
18K211,I.S. 211 John Wilson,-0.127753304
18K235,P.S. 235 Lenox School,0.136363636
18K366,THE SCIENCE AND MEDICINE MIDDLE SCHOOL,-0.132352941
18K563,It Takes a Village Academy,0.208530806
18K566,Brooklyn Generation School,0.191489362
18K567,Brooklyn Theatre Arts High School,0.056603774
18K569,Kurt Hahn Expeditionary Learning School,0.317269076
18K576,Victory Collegiate High School,0.40625
18K578,Brooklyn Bridge Academy,0.775510204
18K581,East Flatbush Community Research School,-0.015384615
18K588,Middle School for Art and Philosophy,-0.138297872
18K589,Arts & Media Preparatory Academy,0.155279503
18K598,Middle School of Marketing and Legal Studies,-0.010869565
18K617,High School for Innovation in Advertising and Media,0.550295858
18K629,Cultural Academy for the Arts and Sciences,0.204188482
18K633,High School for Medical Professions,0.164658635
18K635,Olympus Academy,0.899159664
18K637,Academy for Conservation and the Environment,0.215189873
18K642,Urban Action Academy,0.303703704
18K673,East Brooklyn Community High School,0.882352941
18K763,Brooklyn Science and Engineering Academy,0.835616438
18K922,South Shore Educational Complex Yabc,1
19K089,P.S. 089 Cypress Hills,0.860759494
19K166,J.H.S. 166 George Gershwin,-0.275362319
19K171,I.S. 171 Abraham Lincoln,0.032388664
19K174,P.S. 174 Dumont,-0.375
19K202,P.S. 202 Ernest S. Jenkyns,-0.106382979
19K218,J.H.S. 218 James P. Sinnott,-0.125748503
19K292,J.H.S. 292 Margaret S. Douglas,-0.165322581
19K302,J.H.S. 302 Rafael Cordero,0.227513228
19K306,P.S. 306 Ethan Allen,-0.358778626
19K311,Essence School,-0.054945055
19K364,I.S. 364 Gateway,0.146067416
19K404,Academy for Young Writers,0.603833866
19K409,East New York Family Academy,-0.040498442
19K422,Spring Creek Community School,0.62962963
19K431,Thomas Jefferson Yabc,0.955223881
19K452,Frederick Douglass Academy VIII Middle School,0.386554622
19K501,Franklin K. Lane Campus YABC,0.823529412
19K502,FDNY High School for Fire and Life Safety,0.632286996
19K504,High School for Civil Rights,0.495652174
19K507,Performing Arts and Technology High School,0.108695652
19K510,World Academy for Total Community Health High School,0.212121212
19K583,Multicultural High School,0.555555556
19K615,Transit Tech Career and Technical Education High School,-0.013745704
19K618,Academy of Innovative Technology,0.509615385
19K639,Brooklyn Lab School,0.355191257
19K654,Van Siclen Community Middle School,0.434210526
19K659,Cypress Hills Collegiate Preparatory School,0.379844961
19K660,W. H. Maxwell Career and Technical Education High School,0.313609467
19K661,Vista Academy,0.837209302
19K662,Liberty Avenue Middle School,0.934693878
19K663,School of the Future Brooklyn,0.263157895
19K678,East New York Middle School of Excellence,0.558685446
19K683,"The School for Classics: An Academy of Thinkers, Writers and Peformers",0.148514851
19K760,Highland Park Community School,0.710526316
19K764,The Urban Assembly School for Collaborative Healthcare,0.333333333
20K030,PS/IS 30 Mary White Ovington,0.617283951
20K062,J.H.S. 062 Ditmas,0.601489758
20K104,P.S./I.S. 104 The Fort Hamilton School,0.159090909
20K163,P.S. 163 Bath Beach,0.640718563
20K180,The SEEALL Academy,0.184275184
20K187,The Christa McAuliffe School\I.S. 187,0.74288725
20K192,P.S. 192 - The Magnet School for Math and Science Inquiry,-0.102941176
20K201,J.H.S. 201 The Dyker Heights,0.569205569
20K220,J.H.S. 220 John J. Pershing,0.060483871
20K223,J.H.S. 223 The Montauk,0.221757322
20K227,J.H.S. 227 Edward B. Shallow,0.209349593
20K229,P.S. 229 Dyker,0.49787234
20K259,J.H.S. 259 William Mckinley,0.465828751
20K445,New Utrecht High School,0.308663474
20K485,High School of Telecommunication Arts and Technology,0.465968586
20K490,Fort Hamilton High School,0.309620596
20K505,Franklin Delano Roosevelt High School,0.393810032
20K609,Urban Assembly School for Criminal Justice,0.367901235
20K658,Franklin Delano Roosevelt YABC,0.917808219
20K686,Brooklyn School of Inquiry,0.68627451
21K095,P.S. 095 The Gravesend,0.810218978
21K096,I.S. 096 Seth Low,0.401151631
21K098,I.S. 98 Bay Academy,0.441427463
21K099,P.S. 099 Isaac Asimov,0.642512077
21K121,P.S. 121 Nelson A. Rockefeller,0.58974359
21K209,P.S. 209 Margaret Mead,0.688311688
21K225,P.S. K225 - The Eileen E. Zaglin,0.113475177
21K226,P.S. 226 Alfred De B.Mason,0.69348659
21K228,I.S. 228 David A. Boody,0.435084242
21K238,P.S. 238 Anne Sullivan,0.398601399
21K239,Mark Twain I.S. 239 for the Gifted & Talented,0.274151436
21K281,I.S. 281 Joseph B Cavallaro,0.290533188
21K288,P.S. 288 The Shirley Tanyhill,0.111111111
21K303,I.S. 303 Herbert S. Eisenberg,0.418344519
21K337,International High School at Lafayette,0.544776119
21K344,Rachel Carson High School for Coastal Studies,0.400943396
21K348,High School of Sports Management,0.3640553
21K410,Abraham Lincoln High School,0.149767442
21K411,Abraham Lincoln Yabc,0.730769231
21K468,Kingsborough Early College School,-0.086419753
21K525,Edward R. Murrow High School,0.519313305
21K540,John Dewey High School,0.207112971
21K559,Life Academy High School for Film and Music,0.438596491
21K572,Expeditionary Learning School for Community Leaders,0.550561798
21K620,William E. Grady Career and Technical Education High School,0.21656051
21K690,Brooklyn Studio Secondary School,0.003558719
21K728,Liberation Diploma Plus,0.846153846
22K014,J.H.S. 014 Shell Bank,0.052631579
22K078,J.H.S. 078 Roy H. Mann,0.024952015
22K109,P.S. 109,0.06122449
22K206,P.S. 206 Joseph F Lamb,-0.275747508
22K207,P.S. 207 Elizabeth G. Leary,0.429429429
22K234,J.H.S. 234 Arthur W. Cunningham,0.055862492
22K240,Andries Hudde,-0.001540832
22K278,J.H.S. 278 Marine Park,-0.288834951
22K381,I. S. 381,-0.227941176
22K405,Midwood High School,0.156322912
22K425,James Madison High School,0.074473068
22K495,Sheepshead Bay High School,0.406976744
22K535,Leon M. Goldstein High School for the Sciences,0.686046512
22K555,Brooklyn College Academy,0.672727273
22K611,Origins High School,0.582733813
22K630,Professional Pathways High School,0.950310559
23K041,P.S. 041 Francis White,0.008547009
23K073,P.S. 073 Thomas S. Boyland,-0.333333333
23K137,P.S./I.S. 137 Rachel Jean Mitchell,-0.074626866
23K155,P.S./ I.S. 155 Nicholas Herkimer,0.033333333
23K165,P.S. 165 Ida Posner,0.301204819
23K178,P.S. 178 Saint Clair Mckelway,-0.12
23K184,P.S. 184 Newport,-0.341463415
23K284,P.S. 284 Lew Wallace,0.389830508
23K323,P.S./I.S. 323,0.181208054
23K327,P.S. 327 Dr. Rose B. English,0.056338028
23K363,Brownsville Collaborative Middle School,0.577981651
23K392,I.S. 392,0.188284519
23K493,Brooklyn Collegiate: A College Board School,0.31147541
23K514,Frederick Douglass Academy VII High School,0.395348837
23K518,Kappa V,0.047058824
23K522,Mott Hall IV,0.352112676
23K634,General D. Chappie James Middle School of Science,0.222222222
23K643,Brooklyn Democracy Academy,0.813953488
23K644,Eagle Academy for Young Men II,0.590909091
23K646,Aspirations Diploma Plus High School,0.664
23K647,Metropolitan Diploma Plus High School,0.794871795
23K664,Brooklyn Environmental Exploration School (BEES),0.387096774
23K668,Riverdale Avenue Middle School,0.857142857
23K671,Mott Hall Bridges Academy,0.848484848
23K697,Teachers Preparatory High School,-0.263598326
24Q005,I.S. 5 - The Walter Crowley Intermediate School,0.242424242
24Q049,P.S. 049 Dorothy Bonawit Kole,0.471571906
24Q058,P.S. 58 - School of Heroes,0.513513514
24Q061,I.S. 061 Leonardo Da Vinci,0.296338673
24Q073,I.S. 73 - The Frank Sansivieri Intermediate School,0.101717305
24Q077,I.S. 077,0.35952381
24Q087,P.S. / I.S. 087 Middle Village,0.073529412
24Q093,I.S. 093 Ridgewood,0.154004107
24Q102,P.S. 102 Bayview,0.852760736
24Q113,P.S./I.S. 113 Anthony J. Pranzo,0.829351536
24Q119,I.S. 119 The Glendale,0.095934959
24Q125,I.S. 125 Thom J. McCann Woodside,0.423499577
24Q128,"P.S. 128 The Lorraine Tuzzo, Juniper Valley Elementary School",0.74025974
24Q153,P.S. 153 Maspeth Elem,0.626666667
24Q236,International High School for Health Sciences,0.777777778
24Q264,Academy of Finance and Enterprise,0.794117647
24Q267,High School of Applied Communication,0.645259939
24Q293,Civic Leadership Academy,0.833333333
24Q296,Pan American International High School,0.83011583
24Q299,Bard High School Early College Queens,0.917098446
24Q311,Corona Arts and Sciences Academy,0.610738255
24Q455,Newtown High School,0.376083189
24Q457,HS Arts & Business Yabc,0.935483871
24Q485,Grover Cleveland High School,0.133079848
24Q520,Middle College High School at LaGuardia Community College,0.780564263
24Q530,International High School at LaGuardia Community College,0.738219895
24Q550,High School for Arts and Business,0.848238482
24Q560,"Robert F. Wagner, Jr. Secondary School for Arts and Technology",0.758474576
24Q585,Maspeth High School,0.807874016
24Q600,Queens Vocational and Technical High School,0.143099069
24Q610,Aviation Career & Technical Education High School,0.464285714
24Q744,VOYAGES Preparatory,0.918699187
25Q025,I.S. 025 Adrien Block,0.270588235
25Q164,P.S. 164 Queens Valley,-0.048128342
25Q185,J.H.S. 185 Edward Bleeker,0.297478992
25Q189,J.H.S. 189 Daniel Carter Beard,0.204946996
25Q194,J.H.S. 194 William Carr,0.113585746
25Q200,PS/MS 200 - The Pomonok School & STAR Academy,-0.300699301
25Q219,P.S. 219 Paul Klapper,0.555555556
25Q237,I.S. 237,-0.056047198
25Q240,Veritas Academy,0.293577982
25Q241,Queens High School for Language Studies,0.697674419
25Q250,I.S. 250 The Robert F. Kennedy Community Middle School,0.317725753
25Q252,"Queens School of Inquiry, The",0.0781893
25Q263,Flushing International High School,0.762611276
25Q281,East-West School of International Studies,0.462121212
25Q285,World Journalism Preparatory: A College Board School,0.37084399
25Q294,BELL Academy,0.425806452
25Q425,John Bowne High School,0.278810409
25Q460,Flushing High School,0.005813953
25Q467,Flushing Yabc,0.621212121
25Q499,"The Queens College School for Math, Science and Technology",-0.243589744
25Q525,Townsend Harris High School,0.907793633
25Q540,Queens Academy High School,0.569620253
25Q670,Robert F. Kennedy Community High School,0.262260128
25Q792,North Queens Community High School,0.519230769
26Q067,J.H.S. 067 Louis Pasteur,0.441540578
26Q074,J.H.S. 074 Nathaniel Hawthorne,0.409244645
26Q158,M.S. 158 Marie Curie,0.210989011
26Q172,Irwin Altman Middle School 172,0.301668806
26Q178,P.S./ IS 178 Holliswood,0.278911565
26Q216,J.H.S. 216 George J. Ryan,0.309387755
26Q266,P.S. / I.S. 266,0.439655172
26Q315,Business Technology Early College High School,0.705882353
26Q415,Benjamin N. Cardozo High School,0.088207095
26Q430,Francis Lewis High School,0.38318994
26Q435,Martin Van Buren High School,0.182364729
26Q495,Bayside High School,0.229659319
26Q566,"Queens High School of Teaching, Liberal Arts and the Sciences",0.329312425
27Q042,P.S./M.S 042 R. Vernam,0.413793103
27Q043,P.S. 043,-0.263157895
27Q045,P.S. 045 Clarence Witherspoon,-0.5
27Q047,P.S. 047 Chris Galas,0.578947368
27Q053,M.S. 053 Brian Piccolo,0.660377358
27Q105,P.S. 105 The Bay School,-0.208510638
27Q114,P.S. / M.S. 114 Belle Harbor,0.738317757
27Q124,P.S. 124 Osmond A Church,0.098130841
27Q137,M.S. 137 America's School of Heroes,0.28600134
27Q146,P.S. 146 Howard Beach,0.58490566
27Q183,P.S. 183 Dr. Richard R. Green,0.327586207
27Q202,J.H.S. 202 Robert H. Goddard,0.208568207
27Q207,P.S. 207 Rockwood Park,0.316326531
27Q210,J.H.S. 210 Elizabeth Blackwell,0.197651663
27Q226,J.H.S. 226 Virgil I. Grissom,-0.231905465
27Q232,P.S. 232 Lindenwood,0.609589041
27Q260,Frederick Douglass Academy VI High School,-0.105882353
27Q261,Voyages Prep - South Queens,0.971830986
27Q262,Channel View School for Research,0.417266187
27Q282,Knowledge and Power Preparatory Academy VI,-0.25
27Q297,Hawtree Creek Middle School,0.883928571
27Q302,"Queens High School for Information, Research, and Technology",0.149758454
27Q308,Robert H. Goddard High School of Communication Arts and Technology,0.55859375
27Q309,Academy of Medical Technology: A College Board School,0.102941176
27Q314,Epic High School - South,0.255813953
27Q318,WATERSIDE SCHOOL FOR LEADERSHIP,0.612903226
27Q319,VILLAGE ACADEMY,0.458715596
27Q323,Scholars' Academy,0.820056232
27Q324,Rockaway Park High School for Environmental Sustainability,0.012658228
27Q333,Goldie Maple Academy,0.017857143
27Q334,Epic High School - North,0.833333333
27Q351,Rockaway Collegiate High School,-0.063063063
27Q400,August Martin High School,-0.032967033
27Q475,Richmond Hill High School,-0.007901668
27Q480,John Adams High School,0.146919431
27Q487,John Adams Yabc,0.783783784
27Q650,"High School for Construction Trades, Engineering and Architecture",0.581027668
28Q008,J.H.S. 008 Richard S. Grossley,0.014084507
28Q072,Catherine & Count Basie Middle School 72,-0.300613497
28Q099,P.S. 099 Kew Gardens,0.323529412
28Q101,P.S. 101 School in the Gardens,0.461538462
28Q157,J.H.S. 157 Stephen A. Halsey,0.147344802
28Q167,Metropolitan Expeditionary Learning School,0.560073937
28Q190,J.H.S. 190 Russell Sage,0.200483092
28Q217,J.H.S. 217 Robert A. Van Wyck,0.23540146
28Q284,York Early College Academy,0.215970962
28Q287,The Emerson School,-0.319727891
28Q310,Queens Collegiate: A College Board School,0.103117506
28Q325,Hillside Arts & Letters Academy,0.549206349
28Q328,High School for Community Leadership,0.67816092
28Q332,Redwood Middle School,0.701492537
28Q338,Queens Satellite High School for Opportunity,0.4
28Q350,Jamaica Gateway to the Sciences,0.181818182
28Q440,Forest Hills High School,0.287731686
28Q505,Hillcrest High School,0.99648197
28Q620,Thomas A. Edison Career and Technical Education High School,0.423668639
28Q680,Queens Gateway to Health Sciences Secondary School,0.513761468
28Q686,QUEENS METROPOLITAN HIGH SCHOOL,0.703479576
28Q687,Queens High School for the Sciences at York College,0.435897436
28Q690,High School for Law Enforcement and Public Safety,0.25440806
28Q896,"Young Women's Leadership School, Queens",-0.166666667
29Q059,I.S. 059 Springfield Gardens,-0.129411765
29Q109,Jean Nuzzi Intermediate School,-0.266750948
29Q116,PS/IS 116 William C. Hughley,-0.277310924
29Q138,P.S./ M.S.138 Sunrise,-0.020408163
29Q147,PS/MS 147 Ronald McNair,0.454545455
29Q156,P.S. 156 Laurelton,-0.064516129
29Q192,I.S. 192 The Linden,0.713080169
29Q208,P.S. / I.S. 208,0.069124424
29Q238,I.S. 238 - Susan B. Anthony Academy,-0.129032258
29Q243,Institute for Health Professions at Cambria Heights,0.509933775
29Q248,Queens Preparatory Academy,-0.596273292
29Q259,Pathways College Preparatory School: A College Board School,0.005347594
29Q265,Excelsior Preparatory High School,-0.036363636
29Q268,PS/IS 268,0.308176101
29Q270,The Gordon Parks School,0.181818182
29Q272,George Washington Carver High School for the Sciences,-0.127906977
29Q283,Preparatory Academy for Writers: A College Board School,0.113553114
29Q289,Queens United Middle School,-0.099099099
29Q295,P.S./I.S. 295,0.515923567
29Q313,Benjamin Franklin High School for Finance & Information Technology,-0.014084507
29Q326,Cambria Heights Academy,-0.137931034
29Q327,Eagle Academy for Young Men III,0.217391304
29Q355,Collaborative Arts Middle School,-0.302469136
29Q356,Community Voices Middle School,0.128205128
29Q492,"Mathematics, Science Research and Technology Magnet High School",0.05
29Q494,"Law, Government and Community Service High School",-0.107692308
29Q496,"Business, Computer Applications & Entrepreneurship High School",0.232876712
29Q498,Humanities & Arts Magnet High School,0.24260355
30Q010,I.S. 010 Horace Greeley,0.541076487
30Q011,P.S. 011 Kathryn Phelan,0.6
30Q078,P.S./I.S. 78Q,0.698113208
30Q084,P.S. 084 Steinway,0.24137931
30Q111,P.S. 111 Jacob Blackwell,-0.085106383
30Q122,P.S. 122 Mamie Fay,0.474452555
30Q126,Albert Shanker School for Visual and Performing Arts,0.269430052
30Q127,P.S. 127 Aerospace Science Magne,-0.047021944
30Q141,I.S. 141 The Steinway,0.4238921
30Q145,I.S. 145 Joseph Pulitzer,0.268682259
30Q150,P.S. 150 Queens,0.659090909
30Q152,P.S. 152 Gwendoline N. Alleyne School,0.769230769
30Q204,I.S. 204 Oliver W. Holmes,0.054704595
30Q227,I.S. 227 Louis Armstrong,0.367330677
30Q230,I.S. 230,0.584988962
30Q235,Academy for New Americans,0.87826087
30Q258,Energy Tech High School,0.582822086
30Q286,"Young Women's Leadership School, Astoria",0.570833333
30Q291,Hunters Point Community Middle School,0.660130719
30Q300,The 30th Avenue School (G&T Citywide),0.851851852
30Q301,Academy for Careers in Television and Film,0.839622642
30Q445,William Cullen Bryant High School,0.129106188
30Q450,Long Island City High School,0.14790287
30Q501,Frank Sinatra School of the Arts High School,0.70694864
30Q502,Information Technology High School,0.326219512
30Q555,Newcomers High School,0.706231454
30Q575,Academy of American Studies,0.402985075
30Q580,Baccalaureate School for Global Education,0.695876289
31R002,I.S. R002 George L. Egbert,0.169811321
31R007,I.S. 007 Elias Bernstein,0.663911846
31R024,I.S. 024 Myra S. Barnes,0.01071723
31R027,I.S. 027 Anning S. Prall,-0.14951989
31R028,The Eagle Academy for Young Men of Staten Island,0.68
31R034,I.S. 034 Tottenville,0.323836657
31R047,CSI High School for International Studies,0.755294118
31R048,P.S. 048 William G. Wilcox,0.679558011
31R049,I.S. 49 Berta A. Dreyfus,0.063917526
31R051,I.S. 051 Edwin Markham,0.256797583
31R061,I.S. 061 William A Morris,-0.332560834
31R063,Marsh Avenue School for Expeditionary Learning,0.832898172
31R064,Gaynor McCown Expeditionary Learning School,0.496296296
31R072,I.S. 072 Rocco Laurie,0.197452229
31R075,I.S. 075 Frank D. Paulo,0.551986475
31R080,The Michael J. Petrides School,0.397515528
31R440,New Dorp High School,0.259610321
31R445,Port Richmond High School,0.313684211
31R450,Curtis High School,0.063694268
31R455,Tottenville High School,-0.029450262
31R460,Susan E. Wagner High School,0.216722729
31R470,Concord High School,0.775
31R600,Ralph R. McKee Career and Technical Education High School,0.16509434
31R605,Staten Island Technical High School,0.332191781
31R607,Staten Island Yabc,0.86440678
31R861,Staten Island School of Civic Leadership,0.67768595
32K045,P.S./I.S. 045 Horace E. Greene,0.574468085
32K162,J.H.S. 162 The Willoughby,0.398809524
32K168,The Brooklyn School for Math and Research,-0.027322404
32K291,J.H.S. 291 Roland Hayes,0.350364964
32K347,I.S. 347 School of Humanities,0.320754717
32K349,"I.S. 349 Math, Science & Tech.",0.370491803
32K377,P.S. 377 Alejandrina B. De Gautier,0.226277372
32K383,J.H.S. 383 Philippa Schuyler,0.044534413
32K384,P.S. /I.S. 384 Frances E. Carter,0.624309392
32K403,Academy for Environmental Leadership,0.201793722
32K545,EBC High School for Public Service - Bushwick,0.580246914
32K549,Bushwick School for Social Justice,0.385159011
32K552,Academy of Urban Planning,0.064676617
32K554,All City Leadership Secondary School,0.987804878
32K556,Bushwick Leaders High School for Academic Excellence,0.482926829
32K562,Evergreen Middle School for Urban Exploration,0.703422053
32K564,Bushwick Community High School,0.865168539
75K036,P.S. 36,0.508196721
75K053,P.S. K053,0.893333333
75K077,P.S. K077,0.675675676
75K140,P.S. K140,0.391304348
75K231,P.S. K231,0.833333333
75K368,P.S. 368,0.555555556
75K369,P.S. K369 - Coy L. Cox School,0.435897436
75K370,P.S. 370,0.925925926
75K371,P.S. 371 - Lillian L. Rashkis,0.679012346
75K373,P.S. 373 - Brooklyn Transition Center,0.751072961
75K396,P.S. K396,1
75K721,P.S. K721 - Brooklyn Occupational Training Center,0.873015873
75K753,P.S. K753 - School for Career Development,0.428571429
75K771,P.S. K771,0.317647059
75K811,P.S. K811 Connie Lekas School,0.804878049
75M035,P.S. 035,0.411764706
75M079,P.S. M079 - Horan School,0.512820513
75M094,P.S. M094,1
75M138,P.S. 138,0.485714286
75M169,P.S. M169 - Robert F. Kennedy,0.239130435
75M226,P.S. M226,0.927710843
75M721,P.S. M721 - Manhattan Occupational Training Center,0.638888889
75M751,Manhattan School for Career Development,0.756521739
75M811,P.S. M811 - Mickey Mantle School,0.96
75Q004,P.S. Q004,0.619047619
75Q009,P.S. 009,0.661538462
75Q023,P.S. Q023 @ Queens Children Center,0.290322581
75Q075,Robert E. Peary School,0.770833333
75Q177,P.S. Q177,0.833333333
75Q224,P.S. Q224,1
75Q233,P.S. Q233,0.802816901
75Q256,P.S. Q256,0.35042735
75Q277,The Riverview School,0.6
75Q721,John F. Kennedy Jr. School,0.808510638
75Q752,Queens Transition Center,0.513513514
75Q811,P.S. Q811,0.416666667
75Q993,P.S. Q993,0.75
75R025,South Richmond High School I.S./P.S. 25,0.554285714
75R037,P.S. R037,0.846153846
75R373,P.S. R373,0.696969697
75R721,THE RICHARD H. HUNGERFORD SCHOOL,0.92760181
75X010,P.S. X010,0.191011236
75X012,P.S. X012 Lewis and Clark School,0.659574468
75X017,P.S. X017,0.588235294
75X168,P.S. 168,0.473684211
75X176,P.S. X176,0.471698113
75X186,P186X Walter J. Damrosch School,0.628571429
75X188,P.S. X188,0.837209302
75X352,The Vida Bogart School for All Children,0.142857143
75X721,P.S. X721 - Stephen McSweeney School,0.668789809
75X723,P.S. 723,0.423728814
75X754,J. M. Rapport School Career Development,0.512605042
75X811,P.S. X811,0.637681159
84K355,Williamsburg Collegiate Charter School,0.462365591
84K356,Achievement First Crown Heights Charter School,0.007194245
84K357,KIPP AMP Charter School,0.440758294
84K358,Achievement First East New York Charter School,0.393617021
84K359,The Uft Charter School,-0.108108108
84K360,LAUNCH EXPEDITIONARY LEARNING CHARTER SCHOOL,0.022222222
84K362,Hellenic Classical Charter School,0.880597015
84K379,Explore Excel Charter School,-0.094339623
84K386,Invictus Preparatory Charter School,0.005586592
84K417,Urban Dove Charter School,0.882352941
84K473,Williamsburg Charter High School,0.572815534
84K486,New Dawn Charter High School,0.847328244
84K508,Achievement First Endeavor Charter School,0.690607735
84K536,Community Roots Charter School,-0.056603774
84K538,Achievement First Bushwick Charter School,0.777777778
84K593,Excellence Boys Charter School,0.401869159
84K608,Kings Collegiate Charter School,0.130841121
84K626,Achievement First Brownsville Charter School,0.188118812
84K648,Bedford Stuyvesant Collegiate Charter School,0.29787234
84K651,PAVE Academy Charter School,0.531914894
84K652,Brooklyn Ascend Charter School,0.372340426
84K693,Northside Charter High School,0.51048951
84K702,Community Partnership Charter School,-0.154639175
84K703,Beginning With Children Charter School,0.428571429
84K704,Explore Charter School,-0.09375
84K707,Brooklyn Prospect Charter School,0.406593407
84K710,Brownsville Collegiate Charter School,0.355191257
84K711,Leadership Preparatory Brownsville Charter School,0.294117647
84K712,Excellence Girls Charter School,-0.095890411
84K724,Leadership Prep Canarsie Charter School (Leadership Prep CS 4),0.836065574
84K726,Fahari Academy Charter School,-0.019920319
84K730,Summit Academy Charter School,0.02617801
84K731,Brooklyn Excelsior Charter School,0.234285714
84K733,"Math, Engineering, and Science Academy Charter High School",0.820224719
84K737,Brownsville Ascend Charter School,0.573770492
84K738,New Visions Charter High School for Advanced Math and Science III,0.112149533
84K739,New Visions Charter High School for the Humanities III,0.272727273
84K740,Brooklyn Scholars Charter School,0.262135922
84K742,Explore Empower Charter School,0.042553191
84K744,Coney Island Preparatory Public Charter School,0.527131783
84K757,Unity Prep Charter School,0.701863354
84K758,Brooklyn Urban Garden Charter School,0.135135135
84K775,Leadership Preparatory Ocean Hill Charter School,0.611940299
84K777,Ocean Hill Collegiate Charter School,0.306666667
84K780,Brooklyn East Collegiate Charter School,0.432835821
84K782,Bedford Stuyvesant New Beginnings Charter School,-0.2
84K803,Brooklyn LABCharter School,-0.147058824
84M065,Democracy Prep Endurance Charter School,0.791946309
84M068,KIPP Washington Heights Middle School,0.73015873
84M279,The Opportunity Charter School,-0.032432432
84M284,Harlem Children's Zone Promise Academy 1 Charter School,0.626865672
84M330,Girls Preparatory Charter School of New York,-0.21875
84M335,Harlem Village Academy Leadership Charter School,0.530612245
84M336,KIPP Infinity Charter School,0.799043062
84M341,Harlem Children's Zone Promise Academy II Charter School,0.207207207
84M350,Democracy Prep Charter School,0.332068311
84M351,Success Academy Charter School - Harlem 1,0.535714286
84M353,New Heights Academy Charter School,0.616557734
84M382,DREAM Charter School,0.090909091
84M384,Success Academy Charter School - Harlem 2,0.096774194
84M385,Success Academy Charter School - Harlem 3,0.385826772
84M386,Success Academy Charter School - Harlem 4,0.857142857
84M388,St. HOPE Leadership Academy Charter School,0.732620321
84M430,The Equity Project Charter School (TEP),0.715302491
84M433,Renaissance Charter High School for Innovation,0.463258786
84M478,Inwood Academy for Leadership Charter School,0.318181818
84M481,Democracy Prep Harlem Charter School,0.412103746
84M522,Broome Street Academy Charter School,0.409638554
84M704,Harbor Science and Arts Charter School,0.56626506
84M707,John V. Lindsay Wildcat Academy Charter School,0.979094077
84M708,Harlem Prep Charter School,-0.019417476
84M709,Harlem Village Academy Charter School,0.39869281
84M726,KIPP STAR College Prep Charter School,0.466666667
84M861,Future Leaders Institute Charter School,0.1
84Q083,Central Queens Academy Charter School,0.525641026
84Q298,Middle Village Prep Charter School,0.718592965
84Q304,VOICE Charter School of New York,0.014925373
84Q321,Growing Up Green Charter School,0.7
84Q341,Riverton Street Charter School,0.257731959
84Q704,Merrick Academy - Queens Public Charter School,0.384615385
84Q705,Renaissance Charter School,0.278287462
84Q706,Our World Neighborhood Charter School,0.389162562
84R067,John W. Lavelle Preparatory Charter School,0.021857923
84R073,New World Preparatory Charter School,0.013333333
84X177,Mott Hall Charter School,0.087719298
84X185,Bronx Lighthouse Charter School,0.418300654
84X200,ROADS Charter School II,0.4
84X202,New Visions Charter High School for Advanced Math and Science II,0.437288136
84X208,New Visions Charter High School for the Humanities II,0.811320755
84X255,Bronx Charter School for Excellence,0.619047619
84X258,Tech International Charter School,-0.081081081
84X345,Hyde Leadership Charter School,0.297029703
84X346,South Bronx Classical Charter School,0.217391304
84X347,International Leadership Charter High School,0.704433498
84X389,Bronx Global Learning Institute for Girls Charter School,-0.315068493
84X393,University Prep Charter High School,0.075409836
84X395,"NYC Charter High School for Architecture, Engineering and Construction Industries (AECI)",0.45508982
84X419,Bronx Academy of Promise Charter School,0.882352941
84X422,Icahn Charter School 3,0.184210526
84X461,Metropolitan Lighthouse Charter School,0.725490196
84X471,American Dream Charter School,0.65625
84X482,Dr. Richard Izquierdo Health and Science Charter School,0.241860465
84X487,Girls Preparatory Charter School of the Bronx,0.362637363
84X488,The Equality Charter School,0.120567376
84X491,Academic Leadership Charter School,0.862068966
84X496,Icahn Charter School 4,0.50877193
84X539,New Visions Charter High School for Advanced Math and Science,0.098901099
84X553,New Visions Charter High School for the Humanities,-0.036231884
84X703,Bronx Preparatory Charter School,0.232931727
84X704,KIPP Academy Charter School,0.267080745
84X705,Family Life Academy Charter School,0.597222222
84X706,Harriet Tubman Charter School,0.454545455
84X717,Icahn Charter School,0.404761905
84K888,Achievement First HS,0.9
84K969,Uncommon Preparatory Charter High School,0.642857143
84K979,Uncommon Charter HS 2,0.72519084
84K989,Achievement First University Prep,0.82278481
84K999,Uncommon Charter HS,0.860962567
84M888,Harlem Village Academy HS,0.349206349
84M999,KIPP NYC College Prep,0.811158798
