DBN,Scool Name,Safety Score,
01M034,P.S. 034 Franklin D. Roosevelt,0.61567377,
01M140,P.S. 140 Nathan Straus,0.805816115,
01M184,P.S. 184m Shuang Wen,0.904191617,
01M188,P.S. 188 The Island School,0.984886362,
01M292,Henry Street School for International Studies,0.401099021,
01M301,"Technology, Arts, and Sciences Studio",0.659013146,
01M332,University Neighborhood Middle School,0.920363399,
01M345,"Collaborative Academy of Science, Technology, & Language-Arts Education",0.728475538,
01M378,School for Global Leaders,0.630913326,
01M448,University Neighborhood High School,0.742006649,
01M450,East Side Community School,0.800376609,
01M458,Forsyth Satellite Academy,0.613436689,
01M509,Marta Valle High School,0.540484511,
01M515,Lower East Side Preparatory High School,0.778842077,
01M539,"New Explorations into Science, Technology and Math High School",0.784163549,
01M650,Cascades High School,0.669984856,
01M696,Bard High School Early College,0.939682518,
01M839,Tompkins Square Middle School,0.690672796,
02M047,47 The American Sign Language and English Secondary School,0.753588824,
02M104,J.H.S. 104 Simon Baruch,0.658201779,
02M111,P.S. 111 Adolph S. Ochs,0.658259416,
02M114,East Side Middle School,0.953369538,
02M126,P.S. 126 Jacob August Riis,0.874382918,
02M131,M.S. 131,0.748832319,
02M135,The Urban Assembly School for Emergency Management,0.848528284,
02M139,Stephen T. Mather Building Arts & Craftsmanship High School,0.677510433,
02M167,J.H.S. 167 Robert F. Wagner,0.68557335,
02M177,Yorkville East Middle School,0.962962963,
02M217,P.S./I.S. 217 Roosevelt Island,0.903796214,
02M225,Ella Baker School,0.803731843,
02M255,M.S. 255 Salk School of Science,0.951748493,
02M260,M.S. 260 Clinton School Writers & Artists,0.923330965,
02M276,BATTERY PARK CITY SCHOOL,0.854435493,
02M280,Manhattan Early College School for Advertising,0.760727565,
02M282,Urban Assembly Maker Academy,0.744296105,
02M288,Food and Finance High School,0.653401439,
02M289,I.S. 289,0.75,
02M294,Essex Street Academy,0.777133523,
02M296,High School of Hospitality Management,0.705938063,
02M298,Pace High School,0.901777189,
02M300,"Urban Assembly School of Design and Construction, The",0.603136524,
02M303,"Facing History School, The",0.798314448,
02M305,"Urban Assembly Academy of Government and Law, The",0.658819469,
02M308,Lower Manhattan Arts Academy,0.673930437,
02M312,New York City Lab Middle School for Collaborative Studies,0.802110053,
02M313,"James Baldwin School, The: A School for Expeditionary Learning",0.482656644,
02M316,"Urban Assembly School of Business for Young Women, the",0.574418927,
02M347,The 47 American Sign Language & English Lower School,0.838275283,
02M374,Gramercy Arts High School,0.61707914,
02M376,NYC iSchool,0.810688119,
02M392,MANHATTAN BUSINESS ACADEMY,0.558471921,
02M393,BUSINESS OF SPORTS SCHOOL,0.712765056,
02M394,EMMA LAZARUS HIGH SCHOOL,0.834030157,
02M399,THE HIGH SCHOOL FOR LANGUAGE AND DIPLOMACY,0.462317731,
02M400,High School for Environmental Studies,0.658871056,
02M407,Institute for Collaborative Education,0.755373087,
02M408,Professional Performing Arts High School,0.704945828,
02M411,Baruch College Campus High School,0.801186707,
02M412,N.Y.C. Lab School for Collaborative Studies,0.869890968,
02M413,School of the Future High School,0.826997622,
02M414,N.Y.C. Museum School,0.885285382,
02M416,Eleanor Roosevelt High School,0.951947758,
02M418,Millennium High School,0.884275412,
02M419,Landmark High School,0.61989549,
02M420,High School for Health Professions and Human Services,0.800298709,
02M422,Quest to Learn,0.484954765,
02M425,Leadership and Public Service High School,0.417542651,
02M427,MANHATTAN ACADEMY FOR ARTS & LANGUAGE,0.496669877,
02M429,Legacy School for Integrated Studies,0.513286302,
02M432,Murray Hill Academy,0.746761985,
02M437,Hudson High School of Learning Technologies,0.515761812,
02M438,International High School at Union Square,0.501352482,
02M439,Manhattan Village Academy,0.891033545,
02M442,"Ballet Tech, NYC Public School for Dance",0.84375,
02M449,Vanguard High School,0.790007889,
02M459,Manhattan International High School,0.786209768,
02M460,Washington Irving High School,0.648858019,
02M473,Washington Irving Yabc,0.56969094,
02M475,Stuyvesant High School,0.90561309,
02M489,High School of Economics and Finance,0.624898936,
02M500,Unity Center for Urban Technologies,0.80795066,
02M507,Urban Assembly Gateway School for Technology,0.72113329,
02M519,Talent Unlimited High School,0.863550156,
02M520,Murry Bergtraum High School for Business Careers,0.309641192,
02M529,Jacqueline Kennedy Onassis High School,0.522943253,
02M531,Repertory Company High School for Theatre Arts,0.874722035,
02M533,Union Square Academy for Health Sciences,0.590425511,
02M534,Harvest Collegiate High School,0.530186028,
02M542,Manhattan Bridges High School,0.87419684,
02M543,New Design High School,0.757103934,
02M545,High School for Dual Language and Asian Studies,0.864314247,
02M546,Academy for Software Engineering,0.716505764,
02M550,Liberty High School Academy for Newcomers,0.47107518,
02M551,Urban Assembly New York Harbor School,0.597282166,
02M560,High School M560 - City As School,0.435721719,
02M565,Urban Academy Laboratory High School,0.825646613,
02M570,Satellite Academy High School,0.807628107,
02M575,Manhattan Comprehensive Night and Day High School,0.738406968,
02M580,Richard R. Green High School of Teaching,0.552805045,
02M586,Harvey Milk High School,0.780186388,
02M600,The High School of Fashion Industries,0.76352478,
02M605,Humanities Preparatory Academy,0.768043284,
02M615,Chelsea Career and Technical Education High School,0.776754518,
02M625,High School of Graphic Communication Arts,0.144176409,
02M630,Art and Design High School,0.573532592,
02M655,Life Sciences Secondary School,0.129808918,
02M896,Lower Manhattan Community Middle School,0.766966409,
02M933,City Knoll Middle School,0.576351349,
03M054,J.H.S. 054 Booker T. Washington,0.802593771,
03M076,P.S. 076 A. Philip Randolph,0.866699999,
03M149,P.S. 149 Sojourner Truth,0.524828873,
03M165,P.S. 165 Robert E. Simon,0.621294461,
03M180,P.S. 180 Hugo Newman,0.701771178,
03M191,P.S. 191 Amsterdam,0.489898646,
03M243,M.S. 243 Center School,0.959452192,
03M245,M.S. M245 The Computer School,0.605470238,
03M247,M.S. M247 Dual Language Middle School,0.87850191,
03M250,M.S. 250 West Side Collaborative Middle School,0.841770984,
03M256,M.S. 256 Academic & Athletic Excellence,0.62007144,
03M258,Community Action School - MS 258,0.781612181,
03M283,Manhattan Theatre Lab High School,0.800925003,
03M299,"High School for Arts, Imagination and Inquiry",0.60008863,
03M307,"Urban Assembly School for Media Studies, The",0.680220081,
03M333,P.S. 333 Manhattan School for Children,0.836868759,
03M334,The Anderson School,0.927514341,
03M402,The Urban Assembly School for Green Careers,0.470351441,
03M403,The Global Learning Collaborative,0.521735515,
03M404,Innovation Diploma Plus,0.597601623,
03M415,Wadleigh Secondary School for the Performing & Visual Arts,0.585639386,
03M417,FRANK McCOURT HIGH SCHOOL,0.699611822,
03M421,West Prep Academy,0.578384336,
03M479,Beacon High School,0.851555003,
03M485,Fiorello H. LaGuardia High School of Music & Art and Performing Arts,0.83358564,
03M492,"High School for Law, Advocacy and Community Justice",0.408900718,
03M494,High School of Arts and Technology,0.464346071,
03M505,Edward A. Reynolds West Side High School,0.456366734,
03M541,Manhattan / Hunter Science High School,0.760105576,
03M859,Special Music School,0.759345815,
03M860,Frederick Douglass Academy II Secondary School,0.476397869,
03M862,Mott Hall II,0.829049912,
04M007,P.S. 007 Samuel Stern,0.390500908,
04M012,Tag Young Scholars,0.84509604,
04M013,J.H.S. 013 Jackie Robinson,0.699963933,
04M057,James Weldon Johnson,0.630651929,
04M072,The Lexington Academy,0.859523148,
04M096,P.S. 096 Joseph Lanzetta,0.752963482,
04M108,P.S. 108 Assemblyman Angelo Del Toro Educational Complex,0.783209062,
04M171,P.S. 171 Patrick Henry,0.928607141,
04M206,P.S. 206 Jose Celso Barbosa,0.838142145,
04M224,M.S. 224 Manhattan East School for Arts & Academics,0.609438606,
04M372,ESPERANZA PREPARATORY ACADEMY,0.670887602,
04M377,Renaissance School of the Arts,0.78343949,
04M381,Global Neighborhood Secondary School,0.719376702,
04M406,Global Technology Preparatory,0.862218862,
04M409,Coalition School for Social Change,0.664265144,
04M435,Manhattan Center for Science and Mathematics,0.844636994,
04M495,Park East High School,0.902529859,
04M555,Central Park East High School,0.870671578,
04M610,Young Women's Leadership School,0.782368217,
04M680,"Heritage School, The",0.45311365,
04M825,Isaac Newton Middle School for Math & Science,0.578579751,
05M046,P.S. 046 Arthur Tappan,0.504746135,
05M123,P.S. 123 Mahalia Jackson,0.371540041,
05M129,P.S. 129 John H. Finley,0.312306662,
05M148,Eagle Academy for Young Men of Harlem,0.641474863,
05M157,The Urban Assembly School for Global Commerce,0.681748432,
05M161,P.S. 161 Pedro Albizu Campos,0.634619535,
05M285,Harlem Renaissance High School,0.563984698,
05M286,I.S. M286 Renaissance Leadership Academy,0.788437187,
05M302,KAPPA IV,0.39499983,
05M304,Mott Hall High School,0.611656244,
05M362,Columbia Secondary School,0.739046753,
05M367,Academy for Social Action: A College Board School,0.430316123,
05M369,Urban Assembly School for the Performing Arts,0.599135698,
05M410,The Urban Assembly Institute for New Technologies,0.430154909,
05M469,Choir Academy of Harlem,0.670215726,
05M499,Frederick Douglass Academy,0.387052616,
05M514,New Design Middle School,0.415790674,
05M670,Thurgood Marshall Academy for Learning and Social Change,0.545894933,
05M685,Bread & Roses Integrated Arts High School,0.732545684,
05M692,"High School for Mathematics, Science and Engineering at City College",0.876683506,
06M018,P.S. 018 Park Terrace,0.816793893,
06M052,J.H.S. 052 Inwood,0.637541567,
06M143,J.H.S. 143 Eleanor Roosevelt,0.477566346,
06M187,P.S./I.S. 187 Hudson Cliffs,0.783837834,
06M209,Hamilton Grange Middle School,0.545366696,
06M210,P.S./I.S. 210 - Twenty-first Century Academy for Community Leadership,0.849970422,
06M211,Inwood Early College for Health and Information Technologies,0.810449612,
06M218,I.S. 218 Salome Urena,0.780509505,
06M223,The Mott Hall School,0.830258303,
06M278,Paula Hedbavny School,0.889059581,
06M293,City College Academy of the Arts,0.816292543,
06M311,Amistad Dual Language School,0.856115108,
06M319,M.S. 319 - Maria Teresa,0.863269704,
06M322,Middle School 322,0.606245625,
06M324,M.S. 324 - Patria Mirabal,0.829059248,
06M326,M.S. 326 - Writers Today & Leaders Tomorrow,0.716833274,
06M328,M.S. 328 - Manhattan Middle School for Scientific Inquiry,0.61177617,
06M346,Community Health Academy of the Heights,0.774096122,
06M348,Washington Heights Expeditionary Learning School,0.773976785,
06M349,Harbor Heights,0.857956376,
06M366,Washington Heights Academy,0.785714286,
06M423,High School for Excellence and Innovation,0.662860695,
06M457,George Washington Yabc,0.758635616,
06M462,The College Academy,0.609934885,
06M463,High School for Media and Communications,0.478595155,
06M467,High School for Law and Public Service,0.457356481,
06M468,High School for Health Careers and Sciences,0.644053226,
06M528,I.S. 528 Bea Fuller Rodgers School,0.782114928,
06M540,A. Philip Randolph Campus High School,0.281494981,
06M552,Gregorio Luperon High School for Science and Mathematics,0.812724621,
07X005,PS 5 Port Morris,0.635743412,
07X029,P.S./M.S. 029 Melrose School,0.838273215,
07X031,P.S./M.S. 031 The William Lloyd Garrison,0.77066063,
07X151,J.H.S. 151 Lou Gehrig,0.716644024,
07X162,J.H.S. 162 Lola Rodriguez De Tio,0.665655809,
07X203,M.S. 203,0.721333906,
07X221,South Bronx Preparatory: A College Board School,0.767187007,
07X223,M.S. 223 The Laboratory School of Finance and Technology,0.762302982,
07X224,P.S. / I.S. 224,0.541018925,
07X259,"H.E.R.O. High (Health, Education, and Research Occupations High School)",0.444763629,
07X296,South Bronx Academy for Applied Media,0.651658565,
07X298,Academy of Public Relations,0.632047478,
07X321,Crotona Academy High School,0.941373869,
07X334,International Community High School,0.530536111,
07X343,Academy of Applied Mathematics and Technology,0.798148121,
07X379,Jill Chaifetz Transfer High School,0.597373266,
07X381,Bronx Haven High School,0.820361456,
07X427,Community School for Social Justice,0.805149421,
07X456,Alfred E. Smith Campus YABC,0.756033367,
07X473,Mott Haven Village Preparatory High School,0.640125787,
07X495,University Heights Secondary School,0.827364736,
07X500,Hostos-Lincoln Academy of Science,0.538535737,
07X520,Foreign Language Academy of Global Studies,0.502205497,
07X522,Bronx Design and Construction Academy,0.625493239,
07X527,Bronx Leadership Academy II High School,0.737727849,
07X547,New Explorers High School,0.378110376,
07X548,Urban Assembly School for Careers in Sports,0.675432433,
07X551,The Urban Assembly Bronx Academy of Letters,0.49125043,
07X557,Mott Haven Community High School,0.705694026,
07X600,Alfred E. Smith Career and Technical Education High School,0.48964829,
07X655,Samuel Gompers Career and Technical Education High School,0.720679516,
07X670,Health Opportunities High School,0.621805448,
08X071,P.S. 071 Rose E. Scala,0.737875655,
08X101,M.S. X101 Edward R. Byrne,0.815220817,
08X123,J.H.S. 123 James M. Kieran,0.453474898,
08X125,J.H.S. 125 Henry Hudson,0.425480583,
08X131,J.H.S. 131 Albert Einstein,0.479478382,
08X269,Bronx Studio School for Writers and Artists,0.574886775,
08X282,Women's Academy of Excellence,0.21085857,
08X293,Renaissance High School for Musical Theater & Technology,0.569842535,
08X295,Gateway School for Environmental Research and Technology,0.727925099,
08X301,M.S. 301 Paul L. Dunbar,0.692529138,
08X302,M.S. 302 Luisa Dessus Cruz,0.922534522,
08X305,Pablo Neruda Academy,0.431465728,
08X312,Millennium Art Academy,0.665510674,
08X320,Pelham Lab High School,0.38675671,
08X332,Holcombe L. Rucker School of Community Research,0.552264272,
08X337,The School for Inquiry and Social Justice,0.617935717,
08X348,Schuylerville Preparatory High School,0.672000583,
08X349,Bronx River High School,0.444472579,
08X366,Urban Assembly Academy of Civic Engagement,0.587607882,
08X367,"Archimedes Academy for Math, Science and Technology Applications",0.570437602,
08X371,Urban Institute of Mathematics,0.762953476,
08X375,The Bronx Mathematics Preparatory School,0.452676667,
08X376,Antonia Pantoja Preparatory Academy: A College Board School,0.324300569,
08X377,Bronx Community High School,0.595458051,
08X405,Herbert H. Lehman High School,0.292871729,
08X408,Herbert H. Lehman Yabc,0.612611585,
08X424,The Hunts Point School,0.466840913,
08X432,BRONX BRIDGES HIGH SCHOOL,0.467576991,
08X448,Soundview Academy for Culture and Scholarship,0.691913837,
08X452,Bronx Guild,0.526492626,
08X467,Mott Hall Community School,0.668983147,
08X507,Stevenson Yabc,0.777843573,
08X519,"Felisa Rincon de Gautier Institute for Law and Public Policy, The",0.270165813,
08X530,Banana Kelly High School,0.310279754,
08X537,Bronx Arena High School,0.71369453,
08X558,Westchester Square Academy,0.545521765,
08X559,School for Tourism and Hospitality,0.635720102,
08X561,Bronx Compass High School,0.456517082,
08X562,Blueprint Middle School,0.283971273,
08X650,Jane Addams High School for Academic Careers,0.781182479,
09X004,P.S./M.S. 004 Crotona Park West,0.814341568,
09X022,J.H.S. 022 Jordan L. Mott,0.533496646,
09X117,I.S. 117 Joseph H. Wade,0.427997843,
09X128,Mott Hall III,0.861038377,
09X145,J.H.S. 145 Arturo Toscanini,0.611425988,
09X215,Kappa,0.767809368,
09X218,P.S./I.S. 218 Rafael Hernandez Dual Language Magnet School,0.893934044,
09X219,I.S. 219 New Venture School,0.383062708,
09X227,Bronx Collegiate Academy,0.450501694,
09X229,I.S. 229 Roland Patterson,0.511575578,
09X231,Eagle Academy for Young Men,0.328823737,
09X232,I.S. 232,0.520811538,
09X241,"Urban Assembly School for Applied Math and Science, The",0.602488786,
09X250,Eximius College Preparatory Academy: A College Board School,0.613862342,
09X252,Mott Hall Bronx High School,0.653000524,
09X260,Bronx Center for Science and Mathematics,0.808350127,
09X263,Validus Preparatory Academy: An Expeditionary Learning School,0.432525774,
09X276,Leadership Institute,0.438130227,
09X297,Morris Academy for Collaborative Studies,0.648832618,
09X303,I.S. X303 Leadership & Community Service,0.707243287,
09X313,I.S. 313 School of Leadership Development,0.289637782,
09X323,Bronx Writing Academy,0.508804227,
09X324,Bronx Early College Academy for Teaching & Learning,0.732598019,
09X325,Urban Science Academy,0.513234775,
09X327,Comprehensive Model School Project M.S. 327,0.742831187,
09X328,New Millennium Business Academy Middle School,0.452403963,
09X329,DreamYard Preparatory School,0.661407974,
09X339,I.S. 339,0.416606114,
09X350,New Directions Secondary School,0.901467674,
09X361,The Highbridge Green School,0.937925614,
09X365,Academy for Language and Technology,0.890251936,
09X403,Bronx International High School,0.695718251,
09X404,School for Excellence,0.566865919,
09X412,Bronx High School of Business,0.502272212,
09X413,Bronx High School for Medical Science,0.679465451,
09X414,Jonathan Levin High School for Media and Communications,0.586034337,
09X454,Science and Technology Academy: A Mott Hall School,0.900151667,
09X505,"Bronx School for Law, Government and Justice",0.460489569,
09X517,Frederick Douglass Academy III Secondary School,0.694014455,
09X525,Bronx Leadership Academy High School,0.178529713,
09X543,High School for Violin and Dance,0.414232737,
09X564,Claremont International HS,0.456653009,
09X568,Young Women's Leadership School of the Bronx,0.820002026,
10X003,P.S. 3 Raul Julia Micro Society,0.774992547,
10X015,P.S. X015 Institute for Environmental Learning,0.741109858,
10X020,"PS/MS 20 P.O.George J. Werdann, III",0.67709569,
10X037,P.S. X037 - Multiple Intelligence School,0.604253952,
10X045,Thomas C. Giordano Middle School 45,0.595014131,
10X080,J.H.S. 080 The Mosholu Parkway,0.460550756,
10X086,P.S. 086 Kingsbridge Heights,0.886585431,
10X095,P.S. 095 Sheila Mencher,0.718291585,
10X118,J.H.S. 118 William W. Niles,0.334505059,
10X141,Riverdale / Kingsbridge Academy (Middle School / High School 141),0.561078229,
10X206,I.S. 206 Ann Mersereau,0.512615011,
10X213,Bronx Engineering and Technology Academy,0.446851789,
10X225,Theatre Arts Production Company School,0.63773736,
10X228,Jonas Bronck Academy,0.944356059,
10X237,"The Marie Curie School for Medicine, Nursing, and Health Professions",0.443497922,
10X243,West Bronx Academy for the Future,0.58024834,
10X244,The New School for Leadership and Journalism,0.724815566,
10X254,I.S. 254,0.436870025,
10X264,Bronx Academy for Software Engineering (BASE),0.597163258,
10X268,Kingsbridge International High School,0.607440008,
10X279,"P.S. 279 Captain Manuel Rivera, Jr.",0.692758086,
10X280,P.S./M.S. 280 Mosholu Parkway,0.76147793,
10X284,Bronx School of Law and Finance,0.449351544,
10X308,Bronx Dance Academy School,0.771840316,
10X315,P.S. 315 Lab School,0.771929825,
10X319,Providing Urban Learners Success In Education High School,0.730701878,
10X331,The Bronx School of Young Leaders,0.703835736,
10X342,International School for Liberal Arts,0.624049449,
10X351,Bronx Collaborative High School,0.615142367,
10X353,World View High School,0.594651686,
10X363,ACADEMY FOR PERSONAL LEADERSHIP AND EXCELLENCE,0.698705378,
10X368,In-Tech Academy (M.S. / High School 368),0.548548944,
10X374,Knowledge and Power Preparatory Academy International High School (Kappa),0.734500653,
10X390,M.S. 390,0.468493844,
10X391,The Angelo Patri Middle School,0.572668423,
10X397,English Language Learners and International Support Preparatory Academy (ELLIS),0.580132694,
10X433,High School for Teaching and the Professions,0.541313463,
10X434,Belmont Preparatory High School,0.58712648,
10X437,Fordham High School for the Arts,0.743132205,
10X438,Fordham Leadership Academy for Business and Technology,0.552060128,
10X439,Bronx High School for Law and Community Service,0.661284221,
10X440,DeWitt Clinton High School,0.271062695,
10X442,"Celia Cruz Bronx High School of Music, The",0.608866381,
10X445,Bronx High School of Science,0.822755327,
10X447,Creston Academy,0.791075848,
10X459,East Fordham Academy for the Arts,0.487983892,
10X477,Marble Hill High School for International Studies,0.624704119,
10X503,Walton Yabc,0.608315456,
10X504,Kennedy Yabc,0.636915896,
10X524,Crotona International High School,0.467919455,
10X546,Bronx Theatre High School,0.362752153,
10X549,Discovery High School,0.397185865,
10X565,High School for Energy and Technology,0.480881756,
10X660,Grace Dodge Career and Technical Education High School,0.591950016,
10X667,Grace Dodge Yabc,0.85152848,
10X696,High School of American Studies at Lehman College,0.925122081,
11X019,P.S. 019 Judith K. Weiss,0.878000171,
11X083,P.S. 083 Donald Hertz,0.637327203,
11X089,P.S. 089 Bronx,0.599948004,
11X127,J.H.S. 127 The Castle Hill,0.534549347,
11X142,MS 142 John Philip Sousa,0.46411839,
11X144,J.H.S. 144 Michelangelo,0.506421119,
11X175,P.S. 175 City Island,0.831609577,
11X180,M.S. 180 Dr. Daniel Hale Williams,0.847575058,
11X181,I.S. 181 Pablo Casals,0.665176657,
11X194,PS/MS 194,0.682052435,
11X249,Bronx Health Sciences High School,0.694572309,
11X253,Bronx High School for Writing and Communication Arts,0.484232058,
11X265,Bronx Lab School,0.268539815,
11X270,Academy for Scholarship and Entrepreneurship: A College Board School,0.327024961,
11X272,Globe School for Environmental Research,0.435622814,
11X275,High School of Computers and Technology,0.689982248,
11X287,The Forward School,0.498720074,
11X288,Collegiate Institute for Math and Science,0.442711606,
11X289,The Young Scholars Academy of The Bronx,0.078771893,
11X290,Bronx Academy of Health Careers,0.307600506,
11X299,Astor Collegiate Academy,0.376178675,
11X355,Bronx Alliance Middle School,0.561892959,
11X370,School of Diplomacy,0.263583376,
11X417,C Columbus Hs Yabc,0.725109947,
11X418,Bronx High School for the Visual Arts,0.586635887,
11X455,Harry S Truman High School,0.28225934,
11X462,Cornerstone Academy for Social Action Middle School (CASA),0.776305132,
11X468,Pelham Academy of Academics and Community Engagement,0.863476841,
11X498,PS/MS 11X498 - VAN NEST ACADEMY,0.693543155,
11X508,Bronxdale High School,0.478472916,
11X509,High School of Language and Innovation,0.387123021,
11X513,New World High School,0.724129761,
11X514,The Bronxwood Preparatory Academy,0.446719493,
11X529,One World Middle School at Edenwald,0.65210589,
11X532,Baychester Middle School,0.671994131,
11X542,Pelham Preparatory Academy,0.594822058,
11X544,High School for Contemporary Arts,0.174166913,
11X545,Bronx Aerospace High School,0.423639292,
11X556,Bronx Park Middle School,0.505532184,
11X566,Pelham Gardens Middle School,0.784789094,
12X098,J.H.S. 098 Herman Ridder,0.281631001,
12X129,M.S. 129 Academy for Independent Learning and Leadership,0.672116547,
12X190,E.S.M.T- I.S. 190,0.744150284,
12X211,P.S. 211,0.686918878,
12X212,P.S. 212,0.487818441,
12X214,P.S. 214,0.556457584,
12X217,School of Performing Arts,0.219371515,
12X242,Mott Hall V,0.83768622,
12X248,"Metropolitan High School, The",0.532909218,
12X251,Explorations Academy,0.579030579,
12X267,Bronx Latin,0.802044985,
12X271,East Bronx Academy for the Future,0.416820778,
12X273,Frederick Douglass Academy V. Middle School,0.446551983,
12X278,Peace and Diversity Academy,0.718234727,
12X286,Fannie Lou Hamer Middle School,0.475614728,
12X316,Kappa III,0.760668425,
12X318,"I.S. X318 Math, Science & Technology Through Arts",0.33289738,
12X341,Accion Academy,0.593905824,
12X372,Urban Assembly School for Wildlife Conservation,0.483220718,
12X383,Emolior Academy,0.696905318,
12X384,Entrada Academy,0.562891272,
12X388,Pan American International High School at Monroe,0.960053267,
12X428,Learning To Work Yabc At Monroe Academy,0.617931771,
12X446,Arturo A. Schomburg Satellite Academy Bronx,0.802537984,
12X478,THE CINEMA SCHOOL,0.825813905,
12X479,Bronx Career and College Preparatory High School,0.475904025,
12X480,Bronx Regional High School,0.424226682,
12X511,Bronx Envision Academy,0.500276032,
12X521,The Metropolitan Soundview High School,0.386878539,
12X550,High School of World Cultures,0.452187308,
12X682,Fannie Lou Hamer Freedom High School,0.646565412,
12X684,Wings Academy,0.426723961,
12X692,Monroe Academy for Visual Arts & Design,0.415670751,
13K008,P.S. 008 Robert Fulton,0.665350187,
13K113,M.S. 113 Ronald Edmonds Learning Center,0.509166732,
13K265,Dr. Susan S. McKinney Secondary School of the Arts,0.510676513,
13K266,M.S. K266 - Park Place Community Middle School,0.536032454,
13K282,P.S. 282 Park Slope,0.512147523,
13K301,Satellite East Middle School,0.744645942,
13K313,Satellite West Middle School,0.433199078,
13K350,Urban Assembly High School of Music and Art,0.566865919,
13K351,The Urban Assembly Unison School,0.381358228,
13K412,"Brooklyn Community High School of Communication, Arts and Media",0.666123974,
13K419,"Science Skills Center High School for Science, Technology and the Creative Arts",0.470698567,
13K430,Brooklyn Technical High School,0.757736619,
13K439,Brooklyn International High School,0.831438164,
13K483,The Urban Assembly School for Law and Justice,0.749267346,
13K492,Academy of Arts and Letters,0.83965016,
13K499,ACORN Community High School,0.421749533,
13K527,Urban Assembly Institute of Math and Science for Young Women,0.677624984,
13K553,Brooklyn Academy High School,0.699626251,
13K575,Bedford Stuyvesant Preparatory High School,0.75410233,
13K595,Bedford Academy High School,0.763800835,
13K596,MS 596 Peace Academy,0.615221556,
13K605,George Westinghouse Career and Technical Education High School,0.497328887,
13K616,Brooklyn High School for Leadership and Community Service,0.624999046,
13K657,Downtown Brooklyn Yabc,0.547924743,
13K670,Benjamin Banneker Academy,0.554179147,
13K674,"City Polytechnic High School of Engineering, Architecture, and Technology",0.644296337,
13K691,Fort Greene Preparatory Academy,0.553462752,
14K050,J.H.S. 050 John D. Wells,0.545402534,
14K071,Juan Morel Campos Secondary School,0.568097507,
14K084,P.S. 084 Jose De Diego,0.837888398,
14K126,John Ericsson Middle School 126,0.744864483,
14K157,P.S. 157 Benjamin Franklin,0.832463473,
14K318,I.S. 318 Eugenio Maria De Hostos,0.629394513,
14K322,Foundations Academy,0.579800506,
14K330,The School for the Urban Environment,0.841396365,
14K449,"Brooklyn Latin School, The",0.847246964,
14K454,Green School: An Academy for Environmental Careers,0.493992507,
14K474,PROGRESS High School for Professional Careers,0.389580004,
14K477,School for Legal Studies,0.437692377,
14K478,"The High School for Enterprise, Business and Technology",0.510086304,
14K558,Williamsburg High School for Architecture and Design,0.908722898,
14K561,Williamsburg Preparatory School,0.782042014,
14K577,Conselyea Preparatory School,0.815091862,
14K582,M.S. 582,0.903117505,
14K586,Lyons Community School,0.664328794,
14K610,Automotive High School,0.332143005,
14K614,Young Women's Leadership School of Brooklyn,0.770205622,
14K632,Frances Perkins Academy,0.78868882,
14K685,El Puente Academy for Peace and Justice,0.830218091,
14K923,Automotive High School Yabc,0.565837189,
15K051,M.S. 51 William Alexander,0.85558458,
15K088,J.H.S. 088 Peter Rouget,0.723786082,
15K136,I.S. 136 Charles O. Dewey,0.717055402,
15K423,Brooklyn Frontiers High School,0.492635924,
15K429,Brooklyn School for Global Studies,0.60615716,
15K442,M.S. 442 Carroll Gardens School for Innovation,0.592222974,
15K443,New Voices School of Academic & Creative Arts,0.84056638,
15K447,The Math & Science Exploratory School,0.78678092,
15K448,Brooklyn Secondary School for Collaborative Studies,0.674053807,
15K462,Secondary School for Law,0.713310956,
15K463,Secondary School for Journalism,0.511348549,
15K464,Park Slope Collegiate,0.550330282,
15K497,School for International Studies,0.212606878,
15K519,Cobble Hill School of American Studies,0.543616032,
15K529,West Brooklyn Community High School,0.714895109,
15K592,Khalil Gibran International Academy,0.669970391,
15K656,Brooklyn High School of the Arts,0.513535182,
15K667,Sunset Park High School,0.56234846,
15K684,Millennium Brooklyn HS,0.700105278,
15K698,South Brooklyn Community High School,0.542157114,
15K821,Sunset Park Prep,0.654542307,
16K035,M.S. 035 Stephen Decatur,0.938773477,
16K057,J.H.S. 057 Whitelaw Reid,0.854182255,
16K262,P.S. 262 El Hajj Malik El Shabazz Elementary School,0.83483343,
16K267,"M.S. 267 Math, Science & Technology",0.765626095,
16K308,P.S. 308 Clara Cardwell,0.49949467,
16K385,"School of Business, Finance and Entrepreneurship",0.745345206,
16K393,Frederick Douglass Academy IV Secondary School,0.743580931,
16K455,Boys and Girls High School,0.312162189,
16K498,Brooklyn High School for Law and Technology,0.431691273,
16K534,Upper School @ P.S. 25,0.722249999,
16K584,M.S. 584,0.430907019,
16K594,Gotham Professional Arts Academy,0.680715417,
16K669,Research and Service High School,0.544852725,
16K681,Madiba Prep Middle School,0.635410556,
16K688,The Brooklyn Academy of Global Finance,0.651855717,
16K765,Nelson Mandela High School,0.539390972,
16K959,BOYS AND GIRLS YABC,0.597522598,
17K002,Parkside Preparatory Academy,0.523970692,
17K061,M.S. 061 Dr. Gladstone H. Atwell,0.313788861,
17K122,Pathways in Technology Early College High School (P-Tech),0.420731998,
17K138,P.S. 138 Brooklyn,0.655022796,
17K181,P.S. 181 Brooklyn,0.414056596,
17K189,P.S. 189 The Bilingual Center,0.74502956,
17K246,M.S. 246 Walt Whitman,0.358934628,
17K334,Middle School for Academic and Social Excellence,0.646912959,
17K340,I.S. 340,0.590607529,
17K352,Ebbets Field Middle School,0.492166255,
17K353,Elijah Stroud Middle School 353,0.802074656,
17K354,The School of Integrated Learning,0.895412837,
17K382,Academy for College Preparation and Career Exploration: A College Board School,0.239601246,
17K394,M.S. K394,0.381086683,
17K408,Academy of Hospitality and Tourism,0.428579764,
17K467,Erasmus Yabc,0.546450964,
17K484,Ronald Edmonds Learning Center II,0.900179665,
17K489,W.E.B. Dubois Academic High School,0.395941151,
17K524,International High School at Prospect Heights,0.602866055,
17K528,The High School for Global Citizenship,0.673292217,
17K531,"School for Human Rights, The",0.712763758,
17K533,School for Democracy and Leadership,0.563782509,
17K537,High School for Youth and Community Development at Erasmus,0.491398567,
17K539,High School for Service & Learning at Erasmus,0.44232366,
17K543,"Science, Technology and Research Early College High School at Erasmus",0.739966651,
17K546,High School for Public Service: Heroes of Tomorrow,0.763630984,
17K547,Brooklyn Academy of Science and the Environment,0.458129557,
17K548,Brooklyn School for Music & Theatre,0.24293344,
17K568,Brownsville Academy High School,0.668659852,
17K590,Medgar Evers College Preparatory School,0.494736011,
17K600,Clara Barton High School,0.15829764,
17K722,New Heights Middle School,0.480301402,
17K745,Brooklyn Institute for Liberal Arts,0.709842366,
17K751,Academy for Health Careers,0.497900768,
18K066,P.S. 66,0.655595804,
18K068,I.S. 068 Isaac Bildersee,0.284521105,
18K211,I.S. 211 John Wilson,0.343561086,
18K235,P.S. 235 Lenox School,0.763086199,
18K366,THE SCIENCE AND MEDICINE MIDDLE SCHOOL,0.32041969,
18K563,It Takes a Village Academy,0.437148908,
18K566,Brooklyn Generation School,0.571214069,
18K567,Brooklyn Theatre Arts High School,0.551686244,
18K569,Kurt Hahn Expeditionary Learning School,0.588393128,
18K576,Victory Collegiate High School,0.62315283,
18K578,Brooklyn Bridge Academy,0.759749394,
18K581,East Flatbush Community Research School,0.491066116,
18K588,Middle School for Art and Philosophy,0.606177203,
18K589,Arts & Media Preparatory Academy,0.643469423,
18K598,Middle School of Marketing and Legal Studies,0.52997559,
18K617,High School for Innovation in Advertising and Media,0.607571986,
18K629,Cultural Academy for the Arts and Sciences,0.400693961,
18K633,High School for Medical Professions,0.559504115,
18K635,Olympus Academy,0.739668323,
18K637,Academy for Conservation and the Environment,0.420206476,
18K642,Urban Action Academy,0.498451392,
18K673,East Brooklyn Community High School,0.772674668,
18K763,Brooklyn Science and Engineering Academy,0.927541437,
18K922,South Shore Educational Complex Yabc,0.69211522,
19K089,P.S. 089 Cypress Hills,0.923487103,
19K166,J.H.S. 166 George Gershwin,0.445647849,
19K171,I.S. 171 Abraham Lincoln,0.405070483,
19K174,P.S. 174 Dumont,0.642915215,
19K202,P.S. 202 Ernest S. Jenkyns,0.608893322,
19K218,J.H.S. 218 James P. Sinnott,0.237538455,
19K292,J.H.S. 292 Margaret S. Douglas,0.386682181,
19K302,J.H.S. 302 Rafael Cordero,0.448466005,
19K306,P.S. 306 Ethan Allen,0.376877114,
19K311,Essence School,0.366973729,
19K364,I.S. 364 Gateway,0.686127549,
19K404,Academy for Young Writers,0.587562464,
19K409,East New York Family Academy,0.670526477,
19K422,Spring Creek Community School,0.773407907,
19K431,Thomas Jefferson Yabc,0.778613037,
19K452,Frederick Douglass Academy VIII Middle School,0.707222106,
19K501,Franklin K. Lane Campus YABC,0.406753677,
19K502,FDNY High School for Fire and Life Safety,0.586737476,
19K504,High School for Civil Rights,0.749746163,
19K507,Performing Arts and Technology High School,0.398794305,
19K510,World Academy for Total Community Health High School,0.502256491,
19K583,Multicultural High School,0.482856647,
19K615,Transit Tech Career and Technical Education High School,0.32174414,
19K618,Academy of Innovative Technology,0.570995354,
19K639,Brooklyn Lab School,0.561840207,
19K654,Van Siclen Community Middle School,0.625518838,
19K659,Cypress Hills Collegiate Preparatory School,0.487039093,
19K660,W. H. Maxwell Career and Technical Education High School,0.598923583,
19K661,Vista Academy,0.636186718,
19K662,Liberty Avenue Middle School,0.924028028,
19K663,School of the Future Brooklyn,0.474318794,
19K678,East New York Middle School of Excellence,0.844707214,
19K683,"The School for Classics: An Academy of Thinkers, Writers and Peformers",0.548760934,
19K760,Highland Park Community School,0.7345006,
19K764,The Urban Assembly School for Collaborative Healthcare,0.232701645,
20K030,PS/IS 30 Mary White Ovington,0.767375115,
20K062,J.H.S. 062 Ditmas,0.743279038,
20K104,P.S./I.S. 104 The Fort Hamilton School,0.771007597,
20K163,P.S. 163 Bath Beach,0.874176124,
20K180,The SEEALL Academy,0.762419006,
20K187,The Christa McAuliffe School\I.S. 187,0.914851485,
20K192,P.S. 192 - The Magnet School for Math and Science Inquiry,0.804862466,
20K201,J.H.S. 201 The Dyker Heights,0.739341046,
20K220,J.H.S. 220 John J. Pershing,0.528334114,
20K223,J.H.S. 223 The Montauk,0.637727095,
20K227,J.H.S. 227 Edward B. Shallow,0.678258226,
20K229,P.S. 229 Dyker,0.725963087,
20K259,J.H.S. 259 William Mckinley,0.639737495,
20K445,New Utrecht High School,0.536661606,
20K485,High School of Telecommunication Arts and Technology,0.815553733,
20K490,Fort Hamilton High School,0.553694184,
20K505,Franklin Delano Roosevelt High School,0.587642593,
20K609,Urban Assembly School for Criminal Justice,0.741796194,
20K658,Franklin Delano Roosevelt YABC,0.614337519,
20K686,Brooklyn School of Inquiry,0.952056817,
21K095,P.S. 095 The Gravesend,0.926837632,
21K096,I.S. 096 Seth Low,0.601052121,
21K098,I.S. 98 Bay Academy,0.794033473,
21K099,P.S. 099 Isaac Asimov,0.894203846,
21K121,P.S. 121 Nelson A. Rockefeller,0.741431306,
21K209,P.S. 209 Margaret Mead,0.857218983,
21K225,P.S. K225 - The Eileen E. Zaglin,0.604671062,
21K226,P.S. 226 Alfred De B.Mason,0.845739339,
21K228,I.S. 228 David A. Boody,0.677636191,
21K238,P.S. 238 Anne Sullivan,0.845507444,
21K239,Mark Twain I.S. 239 for the Gifted & Talented,0.792984189,
21K281,I.S. 281 Joseph B Cavallaro,0.616909407,
21K288,P.S. 288 The Shirley Tanyhill,0.803757836,
21K303,I.S. 303 Herbert S. Eisenberg,0.716947051,
21K337,International High School at Lafayette,0.558827238,
21K344,Rachel Carson High School for Coastal Studies,0.692773946,
21K348,High School of Sports Management,0.551660536,
21K410,Abraham Lincoln High School,0.374505817,
21K411,Abraham Lincoln Yabc,0.528599787,
21K468,Kingsborough Early College School,0.493794064,
21K525,Edward R. Murrow High School,0.610462764,
21K540,John Dewey High School,0.355020364,
21K559,Life Academy High School for Film and Music,0.629364007,
21K572,Expeditionary Learning School for Community Leaders,0.735876736,
21K620,William E. Grady Career and Technical Education High School,0.406653865,
21K690,Brooklyn Studio Secondary School,0.599306694,
21K728,Liberation Diploma Plus,0.884577439,
22K014,J.H.S. 014 Shell Bank,0.547261071,
22K078,J.H.S. 078 Roy H. Mann,0.397844748,
22K109,P.S. 109,0.577501343,
22K206,P.S. 206 Joseph F Lamb,0.579514252,
22K207,P.S. 207 Elizabeth G. Leary,0.818462321,
22K234,J.H.S. 234 Arthur W. Cunningham,0.55520055,
22K240,Andries Hudde,0.324780958,
22K278,J.H.S. 278 Marine Park,0.43204496,
22K381,I. S. 381,0.544279305,
22K405,Midwood High School,0.587551146,
22K425,James Madison High School,0.430533723,
22K495,Sheepshead Bay High School,0.408472906,
22K535,Leon M. Goldstein High School for the Sciences,0.729935687,
22K555,Brooklyn College Academy,0.853350526,
22K611,Origins High School,0.594599912,
22K630,Professional Pathways High School,0.966656731,
23K041,P.S. 041 Francis White,0.787282804,
23K073,P.S. 073 Thomas S. Boyland,0.401822009,
23K137,P.S./I.S. 137 Rachel Jean Mitchell,0.51351234,
23K155,P.S./ I.S. 155 Nicholas Herkimer,0.683051004,
23K165,P.S. 165 Ida Posner,0.618587882,
23K178,P.S. 178 Saint Clair Mckelway,0.606183027,
23K184,P.S. 184 Newport,0.43086191,
23K284,P.S. 284 Lew Wallace,0.64994497,
23K323,P.S./I.S. 323,0.802503574,
23K327,P.S. 327 Dr. Rose B. English,0.444090447,
23K363,Brownsville Collaborative Middle School,0.762075878,
23K392,I.S. 392,0.776729736,
23K493,Brooklyn Collegiate: A College Board School,0.621044106,
23K514,Frederick Douglass Academy VII High School,0.518166199,
23K518,Kappa V,0.743800018,
23K522,Mott Hall IV,0.669217656,
23K634,General D. Chappie James Middle School of Science,0.741018535,
23K643,Brooklyn Democracy Academy,0.684282628,
23K644,Eagle Academy for Young Men II,0.629290298,
23K646,Aspirations Diploma Plus High School,0.711044379,
23K647,Metropolitan Diploma Plus High School,0.844021828,
23K664,Brooklyn Environmental Exploration School (BEES),0.73820344,
23K668,Riverdale Avenue Middle School,0.94833943,
23K671,Mott Hall Bridges Academy,0.863437638,
23K697,Teachers Preparatory High School,0.419438913,
24Q005,I.S. 5 - The Walter Crowley Intermediate School,0.726894257,
24Q049,P.S. 049 Dorothy Bonawit Kole,0.7945117,
24Q058,P.S. 58 - School of Heroes,0.882650165,
24Q061,I.S. 061 Leonardo Da Vinci,0.716492083,
24Q073,I.S. 73 - The Frank Sansivieri Intermediate School,0.551070184,
24Q077,I.S. 077,0.579031462,
24Q087,P.S. / I.S. 087 Middle Village,0.844724566,
24Q093,I.S. 093 Ridgewood,0.650095854,
24Q102,P.S. 102 Bayview,0.867985904,
24Q113,P.S./I.S. 113 Anthony J. Pranzo,0.911595966,
24Q119,I.S. 119 The Glendale,0.589248251,
24Q125,I.S. 125 Thom J. McCann Woodside,0.754534803,
24Q128,"P.S. 128 The Lorraine Tuzzo, Juniper Valley Elementary School",0.733916603,
24Q153,P.S. 153 Maspeth Elem,0.930794719,
24Q236,International High School for Health Sciences,0.607062948,
24Q264,Academy of Finance and Enterprise,0.808492141,
24Q267,High School of Applied Communication,0.778630433,
24Q293,Civic Leadership Academy,0.909339959,
24Q296,Pan American International High School,0.661219825,
24Q299,Bard High School Early College Queens,0.793530065,
24Q311,Corona Arts and Sciences Academy,0.8223881,
24Q455,Newtown High School,0.606724801,
24Q457,HS Arts & Business Yabc,0.62494434,
24Q485,Grover Cleveland High School,0.415537564,
24Q520,Middle College High School at LaGuardia Community College,0.723892055,
24Q530,International High School at LaGuardia Community College,0.895273147,
24Q550,High School for Arts and Business,0.885447969,
24Q560,"Robert F. Wagner, Jr. Secondary School for Arts and Technology",0.808001791,
24Q585,Maspeth High School,0.696579106,
24Q600,Queens Vocational and Technical High School,0.61562187,
24Q610,Aviation Career & Technical Education High School,0.756740395,
24Q744,VOYAGES Preparatory,0.8158719,
25Q025,I.S. 025 Adrien Block,0.751678001,
25Q164,P.S. 164 Queens Valley,0.687338813,
25Q185,J.H.S. 185 Edward Bleeker,0.723279617,
25Q189,J.H.S. 189 Daniel Carter Beard,0.71310614,
25Q194,J.H.S. 194 William Carr,0.730224267,
25Q200,PS/MS 200 - The Pomonok School & STAR Academy,0.456899845,
25Q219,P.S. 219 Paul Klapper,0.79405373,
25Q237,I.S. 237,0.481838332,
25Q240,Veritas Academy,0.604890837,
25Q241,Queens High School for Language Studies,0.837361432,
25Q250,I.S. 250 The Robert F. Kennedy Community Middle School,0.625968915,
25Q252,"Queens School of Inquiry, The",0.769732279,
25Q263,Flushing International High School,0.737777409,
25Q281,East-West School of International Studies,0.7858443,
25Q285,World Journalism Preparatory: A College Board School,0.66136879,
25Q294,BELL Academy,0.607577784,
25Q425,John Bowne High School,0.389914657,
25Q460,Flushing High School,0.32702942,
25Q467,Flushing Yabc,0.706617626,
25Q499,"The Queens College School for Math, Science and Technology",0.626772864,
25Q525,Townsend Harris High School,0.889574337,
25Q540,Queens Academy High School,0.546662596,
25Q670,Robert F. Kennedy Community High School,0.607995085,
25Q792,North Queens Community High School,0.653803821,
26Q067,J.H.S. 067 Louis Pasteur,0.756340047,
26Q074,J.H.S. 074 Nathaniel Hawthorne,0.69932224,
26Q158,M.S. 158 Marie Curie,0.674852467,
26Q172,Irwin Altman Middle School 172,0.597490657,
26Q178,P.S./ IS 178 Holliswood,0.600520921,
26Q216,J.H.S. 216 George J. Ryan,0.666790103,
26Q266,P.S. / I.S. 266,0.771134104,
26Q315,Business Technology Early College High School,0.744683758,
26Q415,Benjamin N. Cardozo High School,0.444253913,
26Q430,Francis Lewis High School,0.732969725,
26Q435,Martin Van Buren High School,0.284928806,
26Q495,Bayside High School,0.590570477,
26Q566,"Queens High School of Teaching, Liberal Arts and the Sciences",0.566472178,
27Q042,P.S./M.S 042 R. Vernam,0.637812713,
27Q043,P.S. 043,0.416399556,
27Q045,P.S. 045 Clarence Witherspoon,0.303088601,
27Q047,P.S. 047 Chris Galas,1,
27Q053,M.S. 053 Brian Piccolo,0.792898545,
27Q105,P.S. 105 The Bay School,0.642875678,
27Q114,P.S. / M.S. 114 Belle Harbor,0.827560352,
27Q124,P.S. 124 Osmond A Church,0.760856417,
27Q137,M.S. 137 America's School of Heroes,0.497996425,
27Q146,P.S. 146 Howard Beach,0.892972308,
27Q183,P.S. 183 Dr. Richard R. Green,0.647089077,
27Q202,J.H.S. 202 Robert H. Goddard,0.685257002,
27Q207,P.S. 207 Rockwood Park,0.800976455,
27Q210,J.H.S. 210 Elizabeth Blackwell,0.614374302,
27Q226,J.H.S. 226 Virgil I. Grissom,0.287828148,
27Q232,P.S. 232 Lindenwood,0.928209776,
27Q260,Frederick Douglass Academy VI High School,0.549241115,
27Q261,Voyages Prep - South Queens,0.82533889,
27Q262,Channel View School for Research,0.79239794,
27Q282,Knowledge and Power Preparatory Academy VI,0.782101167,
27Q297,Hawtree Creek Middle School,0.943153889,
27Q302,"Queens High School for Information, Research, and Technology",0.446440836,
27Q308,Robert H. Goddard High School of Communication Arts and Technology,0.801360783,
27Q309,Academy of Medical Technology: A College Board School,0.587405374,
27Q314,Epic High School - South,0.598243042,
27Q318,WATERSIDE SCHOOL FOR LEADERSHIP,0.857455152,
27Q319,VILLAGE ACADEMY,0.738298819,
27Q323,Scholars' Academy,0.898457665,
27Q324,Rockaway Park High School for Environmental Sustainability,0.476731724,
27Q333,Goldie Maple Academy,0.647057926,
27Q334,Epic High School - North,0.690539065,
27Q351,Rockaway Collegiate High School,0.19525456,
27Q400,August Martin High School,0.334909144,
27Q475,Richmond Hill High School,0.41617847,
27Q480,John Adams High School,0.327210906,
27Q487,John Adams Yabc,0.794527322,
27Q650,"High School for Construction Trades, Engineering and Architecture",0.778038278,
28Q008,J.H.S. 008 Richard S. Grossley,0.402984575,
28Q072,Catherine & Count Basie Middle School 72,0.124543246,
28Q099,P.S. 099 Kew Gardens,0.84,
28Q101,P.S. 101 School in the Gardens,0.590931817,
28Q157,J.H.S. 157 Stephen A. Halsey,0.558102272,
28Q167,Metropolitan Expeditionary Learning School,0.750936149,
28Q190,J.H.S. 190 Russell Sage,0.508424225,
28Q217,J.H.S. 217 Robert A. Van Wyck,0.633505558,
28Q284,York Early College Academy,0.809958816,
28Q287,The Emerson School,0.407418735,
28Q310,Queens Collegiate: A College Board School,0.576134286,
28Q325,Hillside Arts & Letters Academy,0.70273373,
28Q328,High School for Community Leadership,0.694869748,
28Q332,Redwood Middle School,0.801504909,
28Q338,Queens Satellite High School for Opportunity,0.481380016,
28Q350,Jamaica Gateway to the Sciences,0.501770703,
28Q440,Forest Hills High School,0.593433852,
28Q505,Hillcrest High School,0.621663559,
28Q620,Thomas A. Edison Career and Technical Education High School,0.599557392,
28Q680,Queens Gateway to Health Sciences Secondary School,0.72568026,
28Q686,QUEENS METROPOLITAN HIGH SCHOOL,0.733336308,
28Q687,Queens High School for the Sciences at York College,0.489174376,
28Q690,High School for Law Enforcement and Public Safety,0.435443997,
28Q896,"Young Women's Leadership School, Queens",0.661728142,
29Q059,I.S. 059 Springfield Gardens,0.374892228,
29Q109,Jean Nuzzi Intermediate School,0.334892346,
29Q116,PS/IS 116 William C. Hughley,0.429392279,
29Q138,P.S./ M.S.138 Sunrise,0.241293363,
29Q147,PS/MS 147 Ronald McNair,0.766991149,
29Q156,P.S. 156 Laurelton,0.489898646,
29Q192,I.S. 192 The Linden,0.615993914,
29Q208,P.S. / I.S. 208,0.650951655,
29Q238,I.S. 238 - Susan B. Anthony Academy,0.185726554,
29Q243,Institute for Health Professions at Cambria Heights,0.702614345,
29Q248,Queens Preparatory Academy,0.378517284,
29Q259,Pathways College Preparatory School: A College Board School,0.514755038,
29Q265,Excelsior Preparatory High School,0.459565408,
29Q268,PS/IS 268,0.767365448,
29Q270,The Gordon Parks School,0.7161338,
29Q272,George Washington Carver High School for the Sciences,0.540346728,
29Q283,Preparatory Academy for Writers: A College Board School,0.565360301,
29Q289,Queens United Middle School,0.447789565,
29Q295,P.S./I.S. 295,0.78177586,
29Q313,Benjamin Franklin High School for Finance & Information Technology,0.288907176,
29Q326,Cambria Heights Academy,0.497134942,
29Q327,Eagle Academy for Young Men III,0.265971334,
29Q355,Collaborative Arts Middle School,0.266103533,
29Q356,Community Voices Middle School,0.601797742,
29Q492,"Mathematics, Science Research and Technology Magnet High School",0.473030003,
29Q494,"Law, Government and Community Service High School",0.441503365,
29Q496,"Business, Computer Applications & Entrepreneurship High School",0.513286302,
29Q498,Humanities & Arts Magnet High School,0.435923913,
30Q010,I.S. 010 Horace Greeley,0.751342811,
30Q011,P.S. 011 Kathryn Phelan,0.791959731,
30Q078,P.S./I.S. 78Q,0.859952695,
30Q084,P.S. 084 Steinway,0.882352941,
30Q111,P.S. 111 Jacob Blackwell,0.515261362,
30Q122,P.S. 122 Mamie Fay,0.957446809,
30Q126,Albert Shanker School for Visual and Performing Arts,0.760288201,
30Q127,P.S. 127 Aerospace Science Magne,0.659743099,
30Q141,I.S. 141 The Steinway,0.787105337,
30Q145,I.S. 145 Joseph Pulitzer,0.752210518,
30Q150,P.S. 150 Queens,0.863573111,
30Q152,P.S. 152 Gwendoline N. Alleyne School,0.883883629,
30Q204,I.S. 204 Oliver W. Holmes,0.541045581,
30Q227,I.S. 227 Louis Armstrong,0.79412334,
30Q230,I.S. 230,0.761632282,
30Q235,Academy for New Americans,0.950435781,
30Q258,Energy Tech High School,0.793121972,
30Q286,"Young Women's Leadership School, Astoria",0.915944282,
30Q291,Hunters Point Community Middle School,0.702100941,
30Q300,The 30th Avenue School (G&T Citywide),1,
30Q301,Academy for Careers in Television and Film,0.847549732,
30Q445,William Cullen Bryant High School,0.418613522,
30Q450,Long Island City High School,0.574848085,
30Q501,Frank Sinatra School of the Arts High School,0.911418105,
30Q502,Information Technology High School,0.564734821,
30Q555,Newcomers High School,0.7080887,
30Q575,Academy of American Studies,0.848200587,
30Q580,Baccalaureate School for Global Education,0.911000115,
31R002,I.S. R002 George L. Egbert,0.698122063,
31R007,I.S. 007 Elias Bernstein,0.833235767,
31R024,I.S. 024 Myra S. Barnes,0.610787476,
31R027,I.S. 027 Anning S. Prall,0.29807568,
31R028,The Eagle Academy for Young Men of Staten Island,0.877879891,
31R034,I.S. 034 Tottenville,0.78202523,
31R047,CSI High School for International Studies,0.86428793,
31R048,P.S. 048 William G. Wilcox,0.944222792,
31R049,I.S. 49 Berta A. Dreyfus,0.484594162,
31R051,I.S. 051 Edwin Markham,0.435904379,
31R061,I.S. 061 William A Morris,0.530838215,
31R063,Marsh Avenue School for Expeditionary Learning,0.842198641,
31R064,Gaynor McCown Expeditionary Learning School,0.77705078,
31R072,I.S. 072 Rocco Laurie,0.739981023,
31R075,I.S. 075 Frank D. Paulo,0.794312376,
31R080,The Michael J. Petrides School,0.707084703,
31R440,New Dorp High School,0.586518445,
31R445,Port Richmond High School,0.523186988,
31R450,Curtis High School,0.410536379,
31R455,Tottenville High School,0.559518004,
31R460,Susan E. Wagner High School,0.524372578,
31R470,Concord High School,0.854735743,
31R600,Ralph R. McKee Career and Technical Education High School,0.637355084,
31R605,Staten Island Technical High School,0.96558667,
31R607,Staten Island Yabc,0.664527264,
31R861,Staten Island School of Civic Leadership,0.765946455,
32K045,P.S./I.S. 045 Horace E. Greene,0.923552461,
32K162,J.H.S. 162 The Willoughby,0.616498582,
32K168,The Brooklyn School for Math and Research,0.56373154,
32K291,J.H.S. 291 Roland Hayes,0.667303898,
32K347,I.S. 347 School of Humanities,0.448681599,
32K349,"I.S. 349 Math, Science & Tech.",0.57475773,
32K377,P.S. 377 Alejandrina B. De Gautier,0.648583702,
32K383,J.H.S. 383 Philippa Schuyler,0.68051969,
32K384,P.S. /I.S. 384 Frances E. Carter,0.774898067,
32K403,Academy for Environmental Leadership,0.553581835,
32K545,EBC High School for Public Service - Bushwick,0.705368292,
32K549,Bushwick School for Social Justice,0.604201833,
32K552,Academy of Urban Planning,0.547491535,
32K554,All City Leadership Secondary School,0.957894657,
32K556,Bushwick Leaders High School for Academic Excellence,0.682748678,
32K562,Evergreen Middle School for Urban Exploration,0.87681256,
32K564,Bushwick Community High School,0.889988727,
75K036,P.S. 36,0.335900022,
75K053,P.S. K053,0.930499316,
75K077,P.S. K077,0.920070864,
75K140,P.S. K140,0.267125565,
75K231,P.S. K231,0.851851852,
75K368,P.S. 368,0.189739028,
75K369,P.S. K369 - Coy L. Cox School,0.697520853,
75K370,P.S. 370,0.737046748,
75K371,P.S. 371 - Lillian L. Rashkis,0.539459932,
75K373,P.S. 373 - Brooklyn Transition Center,0.790322581,
75K396,P.S. K396,0.866666667,
75K721,P.S. K721 - Brooklyn Occupational Training Center,0.791044776,
75K753,P.S. K753 - School for Career Development,0.591371863,
75K771,P.S. K771,0.890251936,
75K811,P.S. K811 Connie Lekas School,0.777777778,
75M035,P.S. 035,0.426262868,
75M079,P.S. M079 - Horan School,0.620252304,
75M094,P.S. M094,0.805175536,
75M138,P.S. 138,0.548369258,
75M169,P.S. M169 - Robert F. Kennedy,0.616161184,
75M226,P.S. M226,0.913978495,
75M721,P.S. M721 - Manhattan Occupational Training Center,0.890251936,
75M751,Manhattan School for Career Development,0.835789465,
75M811,P.S. M811 - Mickey Mantle School,0.885880088,
75Q004,P.S. Q004,0.818181818,
75Q009,P.S. 009,0.478159275,
75Q023,P.S. Q023 @ Queens Children Center,0.507010015,
75Q075,Robert E. Peary School,0.783568037,
75Q177,P.S. Q177,0.946435393,
75Q224,P.S. Q224,0.776856449,
75Q233,P.S. Q233,0.881406816,
75Q256,P.S. Q256,0.704378707,
75Q277,The Riverview School,0.6,
75Q721,John F. Kennedy Jr. School,0.829383886,
75Q752,Queens Transition Center,0.593581886,
75Q811,P.S. Q811,0.673740846,
75Q993,P.S. Q993,0.804296101,
75R025,South Richmond High School I.S./P.S. 25,0.608279267,
75R037,P.S. R037,0.670088997,
75R373,P.S. R373,0.88140072,
75R721,THE RICHARD H. HUNGERFORD SCHOOL,0.940677966,
75X010,P.S. X010,0.818181244,
75X012,P.S. X012 Lewis and Clark School,0.634670854,
75X017,P.S. X017,0.756076227,
75X168,P.S. 168,0.688316183,
75X176,P.S. X176,0.827586207,
75X186,P186X Walter J. Damrosch School,0.709274769,
75X188,P.S. X188,0.752167619,
75X352,The Vida Bogart School for All Children,0.257686483,
75X721,P.S. X721 - Stephen McSweeney School,0.81255984,
75X723,P.S. 723,0.600993697,
75X754,J. M. Rapport School Career Development,0.406040929,
75X811,P.S. X811,0.854726751,
84K355,Williamsburg Collegiate Charter School,0.861751152,
84K356,Achievement First Crown Heights Charter School,0.597514473,
84K357,KIPP AMP Charter School,0.663934426,
84K358,Achievement First East New York Charter School,0.837320574,
84K359,The Uft Charter School,0.427888007,
84K360,LAUNCH EXPEDITIONARY LEARNING CHARTER SCHOOL,0.490814547,
84K362,Hellenic Classical Charter School,0.932974144,
84K379,Explore Excel Charter School,0.745454545,
84K386,Invictus Preparatory Charter School,0.630958048,
84K417,Urban Dove Charter School,0.619689756,
84K473,Williamsburg Charter High School,0.691978418,
84K486,New Dawn Charter High School,0.591041395,
84K508,Achievement First Endeavor Charter School,0.76744186,
84K536,Community Roots Charter School,0.747926861,
84K538,Achievement First Bushwick Charter School,0.361577719,
84K593,Excellence Boys Charter School,0.564150168,
84K608,Kings Collegiate Charter School,0.918918919,
84K626,Achievement First Brownsville Charter School,0.575713295,
84K648,Bedford Stuyvesant Collegiate Charter School,0.799043062,
84K651,PAVE Academy Charter School,0.744976274,
84K652,Brooklyn Ascend Charter School,0.823378864,
84K693,Northside Charter High School,0.642854992,
84K702,Community Partnership Charter School,0.746027338,
84K703,Beginning With Children Charter School,0.522417983,
84K704,Explore Charter School,0.517982008,
84K707,Brooklyn Prospect Charter School,0.72314983,
84K710,Brownsville Collegiate Charter School,0.761904762,
84K711,Leadership Preparatory Brownsville Charter School,0.667875235,
84K712,Excellence Girls Charter School,0.645568725,
84K724,Leadership Prep Canarsie Charter School (Leadership Prep CS 4),0.863669579,
84K726,Fahari Academy Charter School,0.511702085,
84K730,Summit Academy Charter School,0.681615398,
84K731,Brooklyn Excelsior Charter School,0.562874758,
84K733,"Math, Engineering, and Science Academy Charter High School",0.828903261,
84K737,Brownsville Ascend Charter School,0.713946761,
84K738,New Visions Charter High School for Advanced Math and Science III,0.588957395,
84K739,New Visions Charter High School for the Humanities III,0.328754846,
84K740,Brooklyn Scholars Charter School,0.597821882,
84K742,Explore Empower Charter School,0.573342466,
84K744,Coney Island Preparatory Public Charter School,0.607751261,
84K757,Unity Prep Charter School,0.790588921,
84K758,Brooklyn Urban Garden Charter School,0.662669593,
84K775,Leadership Preparatory Ocean Hill Charter School,0.724763681,
84K777,Ocean Hill Collegiate Charter School,0.768732852,
84K780,Brooklyn East Collegiate Charter School,0.791155887,
84K782,Bedford Stuyvesant New Beginnings Charter School,0.526061003,
84K803,Brooklyn LABCharter School,0.444807058,
84M065,Democracy Prep Endurance Charter School,0.825255133,
84M068,KIPP Washington Heights Middle School,0.79579418,
84M279,The Opportunity Charter School,0.632354788,
84M284,Harlem Children's Zone Promise Academy 1 Charter School,0.725104725,
84M330,Girls Preparatory Charter School of New York,0.761787273,
84M335,Harlem Village Academy Leadership Charter School,0.554658313,
84M336,KIPP Infinity Charter School,0.917012448,
84M341,Harlem Children's Zone Promise Academy II Charter School,0.7935775,
84M350,Democracy Prep Charter School,0.801772573,
84M351,Success Academy Charter School - Harlem 1,0.67630577,
84M353,New Heights Academy Charter School,0.727335817,
84M382,DREAM Charter School,0.738664772,
84M384,Success Academy Charter School - Harlem 2,0.570763591,
84M385,Success Academy Charter School - Harlem 3,0.702494748,
84M386,Success Academy Charter School - Harlem 4,0.807628107,
84M388,St. HOPE Leadership Academy Charter School,0.822659991,
84M430,The Equity Project Charter School (TEP),0.903363983,
84M433,Renaissance Charter High School for Innovation,0.678393637,
84M478,Inwood Academy for Leadership Charter School,0.726788085,
84M481,Democracy Prep Harlem Charter School,0.669048405,
84M522,Broome Street Academy Charter School,0.369227548,
84M704,Harbor Science and Arts Charter School,0.871957038,
84M707,John V. Lindsay Wildcat Academy Charter School,0.821152869,
84M708,Harlem Prep Charter School,0.637129918,
84M709,Harlem Village Academy Charter School,0.820521842,
84M726,KIPP STAR College Prep Charter School,0.694402449,
84M861,Future Leaders Institute Charter School,0.766352502,
84Q083,Central Queens Academy Charter School,0.780090293,
84Q298,Middle Village Prep Charter School,0.800959274,
84Q304,VOICE Charter School of New York,0.650058473,
84Q321,Growing Up Green Charter School,0.952941176,
84Q341,Riverton Street Charter School,0.73484797,
84Q704,Merrick Academy - Queens Public Charter School,0.824381606,
84Q705,Renaissance Charter School,0.700991384,
84Q706,Our World Neighborhood Charter School,0.827218213,
84R067,John W. Lavelle Preparatory Charter School,0.616292193,
84R073,New World Preparatory Charter School,0.536222735,
84X177,Mott Hall Charter School,0.658552279,
84X185,Bronx Lighthouse Charter School,0.682403069,
84X200,ROADS Charter School II,0.343268708,
84X202,New Visions Charter High School for Advanced Math and Science II,0.810917831,
84X208,New Visions Charter High School for the Humanities II,0.409604122,
84X255,Bronx Charter School for Excellence,0.858176683,
84X258,Tech International Charter School,0.617457162,
84X345,Hyde Leadership Charter School,0.703828468,
84X346,South Bronx Classical Charter School,0.837649716,
84X347,International Leadership Charter High School,0.789105339,
84X389,Bronx Global Learning Institute for Girls Charter School,0.544472315,
84X393,University Prep Charter High School,0.76661365,
84X395,"NYC Charter High School for Architecture, Engineering and Construction Industries (AECI)",0.668907989,
84X419,Bronx Academy of Promise Charter School,0.988023952,
84X422,Icahn Charter School 3,0.563895378,
84X461,Metropolitan Lighthouse Charter School,0.910753691,
84X471,American Dream Charter School,0.841164084,
84X482,Dr. Richard Izquierdo Health and Science Charter School,0.751704517,
84X487,Girls Preparatory Charter School of the Bronx,0.806249712,
84X488,The Equality Charter School,0.708468812,
84X491,Academic Leadership Charter School,0.989949664,
84X496,Icahn Charter School 4,0.804334102,
84X539,New Visions Charter High School for Advanced Math and Science,0.325745269,
84X553,New Visions Charter High School for the Humanities,0.407078258,
84X703,Bronx Preparatory Charter School,0.778149105,
84X704,KIPP Academy Charter School,0.738693467,
84X705,Family Life Academy Charter School,0.946666667,
84X706,Harriet Tubman Charter School,0.749521611,
84X717,Icahn Charter School,0.89451432,
84K888,Achievement First HS,0.508796516,
84K969,Uncommon Preparatory Charter High School,0.416107526,
84K979,Uncommon Charter HS 2,0.829585415,
84K989,Achievement First University Prep,0.617741379,
84K999,Uncommon Charter HS,0.837104072,
84M888,Harlem Village Academy HS,0.601328904,
84M999,KIPP NYC College Prep,0.781362007,
