DBN,School Name,Teacher Expectation
01M034,P.S. 034 Franklin D. Roosevelt,0.571379933
01M140,P.S. 140 Nathan Straus,0.691731037
01M184,P.S. 184m Shuang Wen,0.792227205
01M188,P.S. 188 The Island School,0.984886362
01M292,Henry Street School for International Studies,0.394808692
01M301,"Technology, Arts, and Sciences Studio",0.573298364
01M332,University Neighborhood Middle School,0.7454799
01M345,"Collaborative Academy of Science, Technology, & Language-Arts Education",0.550525664
01M378,School for Global Leaders,0.62408758
01M448,University Neighborhood High School,0.547582101
01M450,East Side Community School,0.670798439
01M458,Forsyth Satellite Academy,0.449051694
01M509,Marta Valle High School,0.465998953
01M515,Lower East Side Preparatory High School,0.624096479
01M539,"New Explorations into Science, Technology and Math High School",0.593974365
01M650,Cascades High School,0.514683227
01M696,Bard High School Early College,0.824951129
01M839,Tompkins Square Middle School,0.631579991
02M047,47 The American Sign Language and English Secondary School,0.582475765
02M104,J.H.S. 104 Simon Baruch,0.701004489
02M111,P.S. 111 Adolph S. Ochs,0.510942279
02M114,East Side Middle School,0.739604426
02M126,P.S. 126 Jacob August Riis,0.784810332
02M131,M.S. 131,0.734611052
02M135,The Urban Assembly School for Emergency Management,0.632277143
02M139,Stephen T. Mather Building Arts & Craftsmanship High School,0.5558511
02M167,J.H.S. 167 Robert F. Wagner,0.657726061
02M177,Yorkville East Middle School,0.783410138
02M217,P.S./I.S. 217 Roosevelt Island,0.758798636
02M225,Ella Baker School,0.699910336
02M255,M.S. 255 Salk School of Science,0.783213859
02M260,M.S. 260 Clinton School Writers & Artists,0.770654191
02M276,BATTERY PARK CITY SCHOOL,0.63601876
02M280,Manhattan Early College School for Advertising,0.713182092
02M282,Urban Assembly Maker Academy,0.602979419
02M288,Food and Finance High School,0.530839178
02M289,I.S. 289,0.634029591
02M294,Essex Street Academy,0.580161665
02M296,High School of Hospitality Management,0.583804043
02M298,Pace High School,0.606942989
02M300,"Urban Assembly School of Design and Construction, The",0.534562862
02M303,"Facing History School, The",0.640473822
02M305,"Urban Assembly Academy of Government and Law, The",0.554562957
02M308,Lower Manhattan Arts Academy,0.500492457
02M312,New York City Lab Middle School for Collaborative Studies,0.726164244
02M313,"James Baldwin School, The: A School for Expeditionary Learning",0.39340014
02M316,"Urban Assembly School of Business for Young Women, the",0.499912558
02M347,The 47 American Sign Language & English Lower School,0.768798663
02M374,Gramercy Arts High School,0.530699193
02M376,NYC iSchool,0.617835489
02M392,MANHATTAN BUSINESS ACADEMY,0.532057293
02M393,BUSINESS OF SPORTS SCHOOL,0.535448528
02M394,EMMA LAZARUS HIGH SCHOOL,0.679624766
02M399,THE HIGH SCHOOL FOR LANGUAGE AND DIPLOMACY,0.521981674
02M400,High School for Environmental Studies,0.540531272
02M407,Institute for Collaborative Education,0.675288423
02M408,Professional Performing Arts High School,0.557647989
02M411,Baruch College Campus High School,0.65924747
02M412,N.Y.C. Lab School for Collaborative Studies,0.6975946
02M413,School of the Future High School,0.695390206
02M414,N.Y.C. Museum School,0.607568008
02M416,Eleanor Roosevelt High School,0.757565997
02M418,Millennium High School,0.720367621
02M419,Landmark High School,0.475406816
02M420,High School for Health Professions and Human Services,0.628692874
02M422,Quest to Learn,0.580905401
02M425,Leadership and Public Service High School,0.392931666
02M427,MANHATTAN ACADEMY FOR ARTS & LANGUAGE,0.569520241
02M429,Legacy School for Integrated Studies,0.299417009
02M432,Murray Hill Academy,0.594285853
02M437,Hudson High School of Learning Technologies,0.473053472
02M438,International High School at Union Square,0.491550274
02M439,Manhattan Village Academy,0.725165566
02M442,"Ballet Tech, NYC Public School for Dance",0.802734375
02M449,Vanguard High School,0.600027148
02M459,Manhattan International High School,0.636299893
02M460,Washington Irving High School,0.435874089
02M473,Washington Irving Yabc,0.413572427
02M475,Stuyvesant High School,0.675325186
02M489,High School of Economics and Finance,0.513167894
02M500,Unity Center for Urban Technologies,0.527922307
02M507,Urban Assembly Gateway School for Technology,0.586797622
02M519,Talent Unlimited High School,0.627763471
02M520,Murry Bergtraum High School for Business Careers,0.312931157
02M529,Jacqueline Kennedy Onassis High School,0.409703828
02M531,Repertory Company High School for Theatre Arts,0.73418738
02M533,Union Square Academy for Health Sciences,0.509122352
02M534,Harvest Collegiate High School,0.412404673
02M542,Manhattan Bridges High School,0.696614625
02M543,New Design High School,0.513689557
02M545,High School for Dual Language and Asian Studies,0.677890223
02M546,Academy for Software Engineering,0.655538718
02M550,Liberty High School Academy for Newcomers,0.52078916
02M551,Urban Assembly New York Harbor School,0.438450717
02M560,High School M560 - City As School,0.332286731
02M565,Urban Academy Laboratory High School,0.701192528
02M570,Satellite Academy High School,0.788292628
02M575,Manhattan Comprehensive Night and Day High School,0.598819531
02M580,Richard R. Green High School of Teaching,0.434404549
02M586,Harvey Milk High School,0.626513312
02M600,The High School of Fashion Industries,0.60078908
02M605,Humanities Preparatory Academy,0.677088595
02M615,Chelsea Career and Technical Education High School,0.530662841
02M625,High School of Graphic Communication Arts,0.245300141
02M630,Art and Design High School,0.419073707
02M655,Life Sciences Secondary School,0.436950488
02M896,Lower Manhattan Community Middle School,0.668852252
02M933,City Knoll Middle School,0.558819749
03M054,J.H.S. 054 Booker T. Washington,0.697826855
03M076,P.S. 076 A. Philip Randolph,0.812572082
03M149,P.S. 149 Sojourner Truth,0.581305556
03M165,P.S. 165 Robert E. Simon,0.643541788
03M180,P.S. 180 Hugo Newman,0.619277772
03M191,P.S. 191 Amsterdam,0.56858703
03M243,M.S. 243 Center School,0.802051554
03M245,M.S. M245 The Computer School,0.491115058
03M247,M.S. M247 Dual Language Middle School,0.743088655
03M250,M.S. 250 West Side Collaborative Middle School,0.718186878
03M256,M.S. 256 Academic & Athletic Excellence,0.613678951
03M258,Community Action School - MS 258,0.611046129
03M283,Manhattan Theatre Lab High School,0.636594092
03M299,"High School for Arts, Imagination and Inquiry",0.508930926
03M307,"Urban Assembly School for Media Studies, The",0.497464299
03M333,P.S. 333 Manhattan School for Children,0.710117341
03M334,The Anderson School,0.798989061
03M402,The Urban Assembly School for Green Careers,0.478604598
03M403,The Global Learning Collaborative,0.45206276
03M404,Innovation Diploma Plus,0.444572736
03M415,Wadleigh Secondary School for the Performing & Visual Arts,0.533127224
03M417,FRANK McCOURT HIGH SCHOOL,0.643728394
03M421,West Prep Academy,0.546754934
03M479,Beacon High School,0.691877921
03M485,Fiorello H. LaGuardia High School of Music & Art and Performing Arts,0.562606482
03M492,"High School for Law, Advocacy and Community Justice",0.487078128
03M494,High School of Arts and Technology,0.378025588
03M505,Edward A. Reynolds West Side High School,0.318230975
03M541,Manhattan / Hunter Science High School,0.655198325
03M859,Special Music School,0.755726458
03M860,Frederick Douglass Academy II Secondary School,0.520124783
03M862,Mott Hall II,0.754505875
04M007,P.S. 007 Samuel Stern,0.582317702
04M012,Tag Young Scholars,0.810479402
04M013,J.H.S. 013 Jackie Robinson,0.669530718
04M057,James Weldon Johnson,0.597900968
04M072,The Lexington Academy,0.805954682
04M096,P.S. 096 Joseph Lanzetta,0.710464818
04M108,P.S. 108 Assemblyman Angelo Del Toro Educational Complex,0.669068405
04M171,P.S. 171 Patrick Henry,0.879614519
04M206,P.S. 206 Jose Celso Barbosa,0.652532451
04M224,M.S. 224 Manhattan East School for Arts & Academics,0.620317894
04M372,ESPERANZA PREPARATORY ACADEMY,0.575597064
04M377,Renaissance School of the Arts,0.6944
04M381,Global Neighborhood Secondary School,0.610326728
04M406,Global Technology Preparatory,0.641197179
04M409,Coalition School for Social Change,0.463114431
04M435,Manhattan Center for Science and Mathematics,0.620080555
04M495,Park East High School,0.730723919
04M555,Central Park East High School,0.700072552
04M610,Young Women's Leadership School,0.728006738
04M680,"Heritage School, The",0.41461669
04M825,Isaac Newton Middle School for Math & Science,0.631509667
05M046,P.S. 046 Arthur Tappan,0.628165486
05M123,P.S. 123 Mahalia Jackson,0.506742569
05M129,P.S. 129 John H. Finley,0.622412044
05M148,Eagle Academy for Young Men of Harlem,0.603119657
05M157,The Urban Assembly School for Global Commerce,0.600522562
05M161,P.S. 161 Pedro Albizu Campos,0.601060122
05M285,Harlem Renaissance High School,0.43278286
05M286,I.S. M286 Renaissance Leadership Academy,0.71951775
05M302,KAPPA IV,0.543124766
05M304,Mott Hall High School,0.569434671
05M362,Columbia Secondary School,0.609278004
05M367,Academy for Social Action: A College Board School,0.428622805
05M369,Urban Assembly School for the Performing Arts,0.516432918
05M410,The Urban Assembly Institute for New Technologies,0.629640227
05M469,Choir Academy of Harlem,0.505388952
05M499,Frederick Douglass Academy,0.472349876
05M514,New Design Middle School,0.449218133
05M670,Thurgood Marshall Academy for Learning and Social Change,0.52398019
05M685,Bread & Roses Integrated Arts High School,0.442044456
05M692,"High School for Mathematics, Science and Engineering at City College",0.658857617
06M018,P.S. 018 Park Terrace,0.70411985
06M052,J.H.S. 052 Inwood,0.649424915
06M143,J.H.S. 143 Eleanor Roosevelt,0.573696381
06M187,P.S./I.S. 187 Hudson Cliffs,0.629169132
06M209,Hamilton Grange Middle School,0.667738211
06M210,P.S./I.S. 210 - Twenty-first Century Academy for Community Leadership,0.684183493
06M211,Inwood Early College for Health and Information Technologies,0.743864509
06M218,I.S. 218 Salome Urena,0.728732116
06M223,The Mott Hall School,0.729205176
06M278,Paula Hedbavny School,0.807040945
06M293,City College Academy of the Arts,0.650347761
06M311,Amistad Dual Language School,0.690178571
06M319,M.S. 319 - Maria Teresa,0.743309697
06M322,Middle School 322,0.556780889
06M324,M.S. 324 - Patria Mirabal,0.713902184
06M326,M.S. 326 - Writers Today & Leaders Tomorrow,0.758445643
06M328,M.S. 328 - Manhattan Middle School for Scientific Inquiry,0.656249285
06M346,Community Health Academy of the Heights,0.689228977
06M348,Washington Heights Expeditionary Learning School,0.655261092
06M349,Harbor Heights,0.668170446
06M366,Washington Heights Academy,0.770454545
06M423,High School for Excellence and Innovation,0.577943551
06M457,George Washington Yabc,0.564221491
06M462,The College Academy,0.471629805
06M463,High School for Media and Communications,0.485861276
06M467,High School for Law and Public Service,0.475014708
06M468,High School for Health Careers and Sciences,0.518588695
06M528,I.S. 528 Bea Fuller Rodgers School,0.716906482
06M540,A. Philip Randolph Campus High School,0.290262081
06M552,Gregorio Luperon High School for Science and Mathematics,0.595334263
07X005,PS 5 Port Morris,0.554705112
07X029,P.S./M.S. 029 Melrose School,0.72802017
07X031,P.S./M.S. 031 The William Lloyd Garrison,0.592554452
07X151,J.H.S. 151 Lou Gehrig,0.655077464
07X162,J.H.S. 162 Lola Rodriguez De Tio,0.604160457
07X203,M.S. 203,0.581040048
07X221,South Bronx Preparatory: A College Board School,0.671253057
07X223,M.S. 223 The Laboratory School of Finance and Technology,0.619941974
07X224,P.S. / I.S. 224,0.594495784
07X259,"H.E.R.O. High (Health, Education, and Research Occupations High School)",0.521136963
07X296,South Bronx Academy for Applied Media,0.580121929
07X298,Academy of Public Relations,0.5653789
07X321,Crotona Academy High School,0.69091357
07X334,International Community High School,0.459159305
07X343,Academy of Applied Mathematics and Technology,0.666777763
07X379,Jill Chaifetz Transfer High School,0.428883371
07X381,Bronx Haven High School,0.565337306
07X427,Community School for Social Justice,0.742815478
07X456,Alfred E. Smith Campus YABC,0.540279618
07X473,Mott Haven Village Preparatory High School,0.572727702
07X495,University Heights Secondary School,0.620157176
07X500,Hostos-Lincoln Academy of Science,0.497422183
07X520,Foreign Language Academy of Global Studies,0.511730042
07X522,Bronx Design and Construction Academy,0.515891191
07X527,Bronx Leadership Academy II High School,0.556883403
07X547,New Explorers High School,0.367034585
07X548,Urban Assembly School for Careers in Sports,0.527298548
07X551,The Urban Assembly Bronx Academy of Letters,0.530527562
07X557,Mott Haven Community High School,0.564376518
07X600,Alfred E. Smith Career and Technical Education High School,0.424616415
07X655,Samuel Gompers Career and Technical Education High School,0.356677445
07X670,Health Opportunities High School,0.515376142
08X071,P.S. 071 Rose E. Scala,0.708329975
08X101,M.S. X101 Edward R. Byrne,0.694974153
08X123,J.H.S. 123 James M. Kieran,0.486261557
08X125,J.H.S. 125 Henry Hudson,0.610987742
08X131,J.H.S. 131 Albert Einstein,0.642701625
08X269,Bronx Studio School for Writers and Artists,0.536946122
08X282,Women's Academy of Excellence,0.352842427
08X293,Renaissance High School for Musical Theater & Technology,0.570321921
08X295,Gateway School for Environmental Research and Technology,0.515975164
08X301,M.S. 301 Paul L. Dunbar,0.597474095
08X302,M.S. 302 Luisa Dessus Cruz,0.700623927
08X305,Pablo Neruda Academy,0.442474172
08X312,Millennium Art Academy,0.541694323
08X320,Pelham Lab High School,0.596339357
08X332,Holcombe L. Rucker School of Community Research,0.512297779
08X337,The School for Inquiry and Social Justice,0.687315782
08X348,Schuylerville Preparatory High School,0.623043331
08X349,Bronx River High School,0.573592909
08X366,Urban Assembly Academy of Civic Engagement,0.580726762
08X367,"Archimedes Academy for Math, Science and Technology Applications",0.492185253
08X371,Urban Institute of Mathematics,0.667445414
08X375,The Bronx Mathematics Preparatory School,0.555486249
08X376,Antonia Pantoja Preparatory Academy: A College Board School,0.471520121
08X377,Bronx Community High School,0.421711333
08X405,Herbert H. Lehman High School,0.350942596
08X408,Herbert H. Lehman Yabc,0.499054645
08X424,The Hunts Point School,0.494008633
08X432,BRONX BRIDGES HIGH SCHOOL,0.427721741
08X448,Soundview Academy for Culture and Scholarship,0.635512548
08X452,Bronx Guild,0.438088051
08X467,Mott Hall Community School,0.58812246
08X507,Stevenson Yabc,0.588233967
08X519,"Felisa Rincon de Gautier Institute for Law and Public Policy, The",0.253118474
08X530,Banana Kelly High School,0.410598206
08X537,Bronx Arena High School,0.574783836
08X558,Westchester Square Academy,0.543821565
08X559,School for Tourism and Hospitality,0.466027858
08X561,Bronx Compass High School,0.328837362
08X562,Blueprint Middle School,0.547513965
08X650,Jane Addams High School for Academic Careers,0.524535927
09X004,P.S./M.S. 004 Crotona Park West,0.770287263
09X022,J.H.S. 022 Jordan L. Mott,0.600990673
09X117,I.S. 117 Joseph H. Wade,0.589364124
09X128,Mott Hall III,0.764611483
09X145,J.H.S. 145 Arturo Toscanini,0.564004392
09X215,Kappa,0.707033015
09X218,P.S./I.S. 218 Rafael Hernandez Dual Language Magnet School,0.712253398
09X219,I.S. 219 New Venture School,0.561386485
09X227,Bronx Collegiate Academy,0.537644733
09X229,I.S. 229 Roland Patterson,0.640296425
09X231,Eagle Academy for Young Men,0.512509374
09X232,I.S. 232,0.597865144
09X241,"Urban Assembly School for Applied Math and Science, The",0.468863898
09X250,Eximius College Preparatory Academy: A College Board School,0.643373148
09X252,Mott Hall Bronx High School,0.543045447
09X260,Bronx Center for Science and Mathematics,0.686821047
09X263,Validus Preparatory Academy: An Expeditionary Learning School,0.301887137
09X276,Leadership Institute,0.393527517
09X297,Morris Academy for Collaborative Studies,0.548806358
09X303,I.S. X303 Leadership & Community Service,0.578093288
09X313,I.S. 313 School of Leadership Development,0.501811219
09X323,Bronx Writing Academy,0.565305604
09X324,Bronx Early College Academy for Teaching & Learning,0.599152105
09X325,Urban Science Academy,0.58784894
09X327,Comprehensive Model School Project M.S. 327,0.650735022
09X328,New Millennium Business Academy Middle School,0.551389114
09X329,DreamYard Preparatory School,0.658452919
09X339,I.S. 339,0.514335689
09X350,New Directions Secondary School,0.579626336
09X361,The Highbridge Green School,0.695140395
09X365,Academy for Language and Technology,0.687602995
09X403,Bronx International High School,0.620392695
09X404,School for Excellence,0.442845603
09X412,Bronx High School of Business,0.463986557
09X413,Bronx High School for Medical Science,0.619424034
09X414,Jonathan Levin High School for Media and Communications,0.4545841
09X454,Science and Technology Academy: A Mott Hall School,0.832760431
09X505,"Bronx School for Law, Government and Justice",0.49742594
09X517,Frederick Douglass Academy III Secondary School,0.577123265
09X525,Bronx Leadership Academy High School,0.357160352
09X543,High School for Violin and Dance,0.41594113
09X564,Claremont International HS,0.479964979
09X568,Young Women's Leadership School of the Bronx,0.718099298
10X003,P.S. 3 Raul Julia Micro Society,0.693756431
10X015,P.S. X015 Institute for Environmental Learning,0.707959981
10X020,"PS/MS 20 P.O.George J. Werdann, III",0.695307926
10X037,P.S. X037 - Multiple Intelligence School,0.683198883
10X045,Thomas C. Giordano Middle School 45,0.639844292
10X080,J.H.S. 080 The Mosholu Parkway,0.557882786
10X086,P.S. 086 Kingsbridge Heights,0.831497886
10X095,P.S. 095 Sheila Mencher,0.608199153
10X118,J.H.S. 118 William W. Niles,0.673444855
10X141,Riverdale / Kingsbridge Academy (Middle School / High School 141),0.548873907
10X206,I.S. 206 Ann Mersereau,0.584828672
10X213,Bronx Engineering and Technology Academy,0.420396385
10X225,Theatre Arts Production Company School,0.569187651
10X228,Jonas Bronck Academy,0.761515368
10X237,"The Marie Curie School for Medicine, Nursing, and Health Professions",0.399961798
10X243,West Bronx Academy for the Future,0.575355915
10X244,The New School for Leadership and Journalism,0.660943382
10X254,I.S. 254,0.502235821
10X264,Bronx Academy for Software Engineering (BASE),0.597517006
10X268,Kingsbridge International High School,0.474618824
10X279,"P.S. 279 Captain Manuel Rivera, Jr.",0.705637059
10X280,P.S./M.S. 280 Mosholu Parkway,0.715745779
10X284,Bronx School of Law and Finance,0.386672764
10X308,Bronx Dance Academy School,0.727410237
10X315,P.S. 315 Lab School,0.628888889
10X319,Providing Urban Learners Success In Education High School,0.650427737
10X331,The Bronx School of Young Leaders,0.611507755
10X342,International School for Liberal Arts,0.565447485
10X351,Bronx Collaborative High School,0.531327705
10X353,World View High School,0.548598498
10X363,ACADEMY FOR PERSONAL LEADERSHIP AND EXCELLENCE,0.680733757
10X368,In-Tech Academy (M.S. / High School 368),0.525692291
10X374,Knowledge and Power Preparatory Academy International High School (Kappa),0.678117713
10X390,M.S. 390,0.564968921
10X391,The Angelo Patri Middle School,0.568827168
10X397,English Language Learners and International Support Preparatory Academy (ELLIS),0.516511994
10X433,High School for Teaching and the Professions,0.501021781
10X434,Belmont Preparatory High School,0.562233438
10X437,Fordham High School for the Arts,0.654120301
10X438,Fordham Leadership Academy for Business and Technology,0.519332221
10X439,Bronx High School for Law and Community Service,0.598659908
10X440,DeWitt Clinton High School,0.351308694
10X442,"Celia Cruz Bronx High School of Music, The",0.528767134
10X445,Bronx High School of Science,0.66346218
10X447,Creston Academy,0.704822101
10X459,East Fordham Academy for the Arts,0.585084442
10X477,Marble Hill High School for International Studies,0.703330051
10X503,Walton Yabc,0.379710516
10X504,Kennedy Yabc,0.436821806
10X524,Crotona International High School,0.447813133
10X546,Bronx Theatre High School,0.388280102
10X549,Discovery High School,0.369901445
10X565,High School for Energy and Technology,0.568127257
10X660,Grace Dodge Career and Technical Education High School,0.376905674
10X667,Grace Dodge Yabc,0.647919698
10X696,High School of American Studies at Lehman College,0.750339619
11X019,P.S. 019 Judith K. Weiss,0.648977205
11X083,P.S. 083 Donald Hertz,0.598290143
11X089,P.S. 089 Bronx,0.626479854
11X127,J.H.S. 127 The Castle Hill,0.66106798
11X142,MS 142 John Philip Sousa,0.474553948
11X144,J.H.S. 144 Michelangelo,0.651320027
11X175,P.S. 175 City Island,0.669679601
11X180,M.S. 180 Dr. Daniel Hale Williams,0.68937212
11X181,I.S. 181 Pablo Casals,0.641985604
11X194,PS/MS 194,0.691608993
11X249,Bronx Health Sciences High School,0.584785684
11X253,Bronx High School for Writing and Communication Arts,0.503825263
11X265,Bronx Lab School,0.309290994
11X270,Academy for Scholarship and Entrepreneurship: A College Board School,0.432891857
11X272,Globe School for Environmental Research,0.568846487
11X275,High School of Computers and Technology,0.564091868
11X287,The Forward School,0.541330655
11X288,Collegiate Institute for Math and Science,0.578245091
11X289,The Young Scholars Academy of The Bronx,0.513738921
11X290,Bronx Academy of Health Careers,0.411851709
11X299,Astor Collegiate Academy,0.433562546
11X355,Bronx Alliance Middle School,0.579918741
11X370,School of Diplomacy,0.488345253
11X417,C Columbus Hs Yabc,0.590753607
11X418,Bronx High School for the Visual Arts,0.434123389
11X455,Harry S Truman High School,0.371372712
11X462,Cornerstone Academy for Social Action Middle School (CASA),0.647673177
11X468,Pelham Academy of Academics and Community Engagement,0.717382613
11X498,PS/MS 11X498 - VAN NEST ACADEMY,0.545305284
11X508,Bronxdale High School,0.538813645
11X509,High School of Language and Innovation,0.406088964
11X513,New World High School,0.727930061
11X514,The Bronxwood Preparatory Academy,0.494586989
11X529,One World Middle School at Edenwald,0.688842259
11X532,Baychester Middle School,0.712662988
11X542,Pelham Preparatory Academy,0.594064454
11X544,High School for Contemporary Arts,0.279803492
11X545,Bronx Aerospace High School,0.441499554
11X556,Bronx Park Middle School,0.49676076
11X566,Pelham Gardens Middle School,0.71358036
12X098,J.H.S. 098 Herman Ridder,0.658247897
12X129,M.S. 129 Academy for Independent Learning and Leadership,0.626736073
12X190,E.S.M.T- I.S. 190,0.688313242
12X211,P.S. 211,0.631911182
12X212,P.S. 212,0.56523244
12X214,P.S. 214,0.539010238
12X217,School of Performing Arts,0.46824237
12X242,Mott Hall V,0.659855419
12X248,"Metropolitan High School, The",0.467841436
12X251,Explorations Academy,0.521656298
12X267,Bronx Latin,0.704889199
12X271,East Bronx Academy for the Future,0.352953971
12X273,Frederick Douglass Academy V. Middle School,0.53221601
12X278,Peace and Diversity Academy,0.534130582
12X286,Fannie Lou Hamer Middle School,0.638511482
12X316,Kappa III,0.647264121
12X318,"I.S. X318 Math, Science & Technology Through Arts",0.62202047
12X341,Accion Academy,0.617335626
12X372,Urban Assembly School for Wildlife Conservation,0.503114442
12X383,Emolior Academy,0.533521711
12X384,Entrada Academy,0.501920863
12X388,Pan American International High School at Monroe,0.770410074
12X428,Learning To Work Yabc At Monroe Academy,0.516550502
12X446,Arturo A. Schomburg Satellite Academy Bronx,0.546465221
12X478,THE CINEMA SCHOOL,0.607480857
12X479,Bronx Career and College Preparatory High School,0.460075473
12X480,Bronx Regional High School,0.274924303
12X511,Bronx Envision Academy,0.467482358
12X521,The Metropolitan Soundview High School,0.409073453
12X550,High School of World Cultures,0.482105431
12X682,Fannie Lou Hamer Freedom High School,0.528983051
12X684,Wings Academy,0.361989899
12X692,Monroe Academy for Visual Arts & Design,0.424407798
13K008,P.S. 008 Robert Fulton,0.59541404
13K113,M.S. 113 Ronald Edmonds Learning Center,0.64637445
13K265,Dr. Susan S. McKinney Secondary School of the Arts,0.504460014
13K266,M.S. K266 - Park Place Community Middle School,0.565224552
13K282,P.S. 282 Park Slope,0.565959617
13K301,Satellite East Middle School,0.669247291
13K313,Satellite West Middle School,0.727812465
13K350,Urban Assembly High School of Music and Art,0.522921203
13K351,The Urban Assembly Unison School,0.446758318
13K412,"Brooklyn Community High School of Communication, Arts and Media",0.596259727
13K419,"Science Skills Center High School for Science, Technology and the Creative Arts",0.45185228
13K430,Brooklyn Technical High School,0.541110487
13K439,Brooklyn International High School,0.768976213
13K483,The Urban Assembly School for Law and Justice,0.635192713
13K492,Academy of Arts and Letters,0.738641649
13K499,ACORN Community High School,0.395060152
13K527,Urban Assembly Institute of Math and Science for Young Women,0.628865949
13K553,Brooklyn Academy High School,0.523215116
13K575,Bedford Stuyvesant Preparatory High School,0.650919531
13K595,Bedford Academy High School,0.660009407
13K596,MS 596 Peace Academy,0.54530385
13K605,George Westinghouse Career and Technical Education High School,0.390831418
13K616,Brooklyn High School for Leadership and Community Service,0.479005957
13K657,Downtown Brooklyn Yabc,0.400297351
13K670,Benjamin Banneker Academy,0.413840405
13K674,"City Polytechnic High School of Engineering, Architecture, and Technology",0.540187996
13K691,Fort Greene Preparatory Academy,0.629179176
14K050,J.H.S. 050 John D. Wells,0.561591445
14K071,Juan Morel Campos Secondary School,0.489352063
14K084,P.S. 084 Jose De Diego,0.803757836
14K126,John Ericsson Middle School 126,0.64901973
14K157,P.S. 157 Benjamin Franklin,0.792767274
14K318,I.S. 318 Eugenio Maria De Hostos,0.637901512
14K322,Foundations Academy,0.375005717
14K330,The School for the Urban Environment,0.712557547
14K449,"Brooklyn Latin School, The",0.794589521
14K454,Green School: An Academy for Environmental Careers,0.350678996
14K474,PROGRESS High School for Professional Careers,0.436357146
14K477,School for Legal Studies,0.483221321
14K478,"The High School for Enterprise, Business and Technology",0.459698784
14K558,Williamsburg High School for Architecture and Design,0.767772502
14K561,Williamsburg Preparatory School,0.649419449
14K577,Conselyea Preparatory School,0.700989069
14K582,M.S. 582,0.849618151
14K586,Lyons Community School,0.590556673
14K610,Automotive High School,0.321551711
14K614,Young Women's Leadership School of Brooklyn,0.722446244
14K632,Frances Perkins Academy,0.499157003
14K685,El Puente Academy for Peace and Justice,0.592927621
14K923,Automotive High School Yabc,0.402391075
15K051,M.S. 51 William Alexander,0.65497571
15K088,J.H.S. 088 Peter Rouget,0.667901367
15K136,I.S. 136 Charles O. Dewey,0.625794378
15K423,Brooklyn Frontiers High School,0.379198451
15K429,Brooklyn School for Global Studies,0.479720998
15K442,M.S. 442 Carroll Gardens School for Innovation,0.561812252
15K443,New Voices School of Academic & Creative Arts,0.672510232
15K447,The Math & Science Exploratory School,0.648133028
15K448,Brooklyn Secondary School for Collaborative Studies,0.552146711
15K462,Secondary School for Law,0.697164294
15K463,Secondary School for Journalism,0.430942756
15K464,Park Slope Collegiate,0.529730218
15K497,School for International Studies,0.404738792
15K519,Cobble Hill School of American Studies,0.400703521
15K529,West Brooklyn Community High School,0.511703195
15K592,Khalil Gibran International Academy,0.625125157
15K656,Brooklyn High School of the Arts,0.47550393
15K667,Sunset Park High School,0.482549032
15K684,Millennium Brooklyn HS,0.612795095
15K698,South Brooklyn Community High School,0.422087789
15K821,Sunset Park Prep,0.590854448
16K035,M.S. 035 Stephen Decatur,0.806670623
16K057,J.H.S. 057 Whitelaw Reid,0.713898356
16K262,P.S. 262 El Hajj Malik El Shabazz Elementary School,0.76225776
16K267,"M.S. 267 Math, Science & Technology",0.662793716
16K308,P.S. 308 Clara Cardwell,0.665646921
16K385,"School of Business, Finance and Entrepreneurship",0.75708709
16K393,Frederick Douglass Academy IV Secondary School,0.668033961
16K455,Boys and Girls High School,0.319183415
16K498,Brooklyn High School for Law and Technology,0.413139547
16K534,Upper School @ P.S. 25,0.67010428
16K584,M.S. 584,0.545198839
16K594,Gotham Professional Arts Academy,0.559236472
16K669,Research and Service High School,0.38842981
16K681,Madiba Prep Middle School,0.666946537
16K688,The Brooklyn Academy of Global Finance,0.495270853
16K765,Nelson Mandela High School,0.509530459
16K959,BOYS AND GIRLS YABC,0.491130294
17K002,Parkside Preparatory Academy,0.597609453
17K061,M.S. 061 Dr. Gladstone H. Atwell,0.587202351
17K122,Pathways in Technology Early College High School (P-Tech),0.371791455
17K138,P.S. 138 Brooklyn,0.754538306
17K181,P.S. 181 Brooklyn,0.577672154
17K189,P.S. 189 The Bilingual Center,0.732507139
17K246,M.S. 246 Walt Whitman,0.64319916
17K334,Middle School for Academic and Social Excellence,0.616807521
17K340,I.S. 340,0.607974384
17K352,Ebbets Field Middle School,0.659941068
17K353,Elijah Stroud Middle School 353,0.652682812
17K354,The School of Integrated Learning,0.907546053
17K382,Academy for College Preparation and Career Exploration: A College Board School,0.424842993
17K394,M.S. K394,0.643675732
17K408,Academy of Hospitality and Tourism,0.473301255
17K467,Erasmus Yabc,0.431273276
17K484,Ronald Edmonds Learning Center II,0.828848464
17K489,W.E.B. Dubois Academic High School,0.337385394
17K524,International High School at Prospect Heights,0.558492666
17K528,The High School for Global Citizenship,0.604287522
17K531,"School for Human Rights, The",0.700906525
17K533,School for Democracy and Leadership,0.5375559
17K537,High School for Youth and Community Development at Erasmus,0.499469505
17K539,High School for Service & Learning at Erasmus,0.468925913
17K543,"Science, Technology and Research Early College High School at Erasmus",0.715448735
17K546,High School for Public Service: Heroes of Tomorrow,0.70419281
17K547,Brooklyn Academy of Science and the Environment,0.514730437
17K548,Brooklyn School for Music & Theatre,0.477539016
17K568,Brownsville Academy High School,0.493072101
17K590,Medgar Evers College Preparatory School,0.462844396
17K600,Clara Barton High School,0.466158534
17K722,New Heights Middle School,0.569468926
17K745,Brooklyn Institute for Liberal Arts,0.678678555
17K751,Academy for Health Careers,0.533426594
18K066,P.S. 66,0.672710248
18K068,I.S. 068 Isaac Bildersee,0.510519574
18K211,I.S. 211 John Wilson,0.571662322
18K235,P.S. 235 Lenox School,0.81780317
18K366,THE SCIENCE AND MEDICINE MIDDLE SCHOOL,0.587005414
18K563,It Takes a Village Academy,0.573689102
18K566,Brooklyn Generation School,0.548132065
18K567,Brooklyn Theatre Arts High School,0.49477867
18K569,Kurt Hahn Expeditionary Learning School,0.591051722
18K576,Victory Collegiate High School,0.494396975
18K578,Brooklyn Bridge Academy,0.614119509
18K581,East Flatbush Community Research School,0.569803892
18K588,Middle School for Art and Philosophy,0.648614818
18K589,Arts & Media Preparatory Academy,0.518827922
18K598,Middle School of Marketing and Legal Studies,0.631908851
18K617,High School for Innovation in Advertising and Media,0.514194452
18K629,Cultural Academy for the Arts and Sciences,0.460713769
18K633,High School for Medical Professions,0.492928912
18K635,Olympus Academy,0.571795382
18K637,Academy for Conservation and the Environment,0.483308089
18K642,Urban Action Academy,0.380275199
18K673,East Brooklyn Community High School,0.582844289
18K763,Brooklyn Science and Engineering Academy,0.868532176
18K922,South Shore Educational Complex Yabc,0.535769633
19K089,P.S. 089 Cypress Hills,0.673523032
19K166,J.H.S. 166 George Gershwin,0.403431749
19K171,I.S. 171 Abraham Lincoln,0.614610321
19K174,P.S. 174 Dumont,0.746719234
19K202,P.S. 202 Ernest S. Jenkyns,0.571310911
19K218,J.H.S. 218 James P. Sinnott,0.463909801
19K292,J.H.S. 292 Margaret S. Douglas,0.605637916
19K302,J.H.S. 302 Rafael Cordero,0.535827145
19K306,P.S. 306 Ethan Allen,0.61208711
19K311,Essence School,0.562190435
19K364,I.S. 364 Gateway,0.649292309
19K404,Academy for Young Writers,0.554709202
19K409,East New York Family Academy,0.528584807
19K422,Spring Creek Community School,0.645128002
19K431,Thomas Jefferson Yabc,0.639937657
19K452,Frederick Douglass Academy VIII Middle School,0.687231652
19K501,Franklin K. Lane Campus YABC,0.28392573
19K502,FDNY High School for Fire and Life Safety,0.596464439
19K504,High School for Civil Rights,0.574577335
19K507,Performing Arts and Technology High School,0.490210675
19K510,World Academy for Total Community Health High School,0.515418349
19K583,Multicultural High School,0.456635478
19K615,Transit Tech Career and Technical Education High School,0.39505779
19K618,Academy of Innovative Technology,0.468692209
19K639,Brooklyn Lab School,0.41003866
19K654,Van Siclen Community Middle School,0.662701476
19K659,Cypress Hills Collegiate Preparatory School,0.393238122
19K660,W. H. Maxwell Career and Technical Education High School,0.53333013
19K661,Vista Academy,0.506913534
19K662,Liberty Avenue Middle School,0.843557586
19K663,School of the Future Brooklyn,0.629036001
19K678,East New York Middle School of Excellence,0.745676722
19K683,"The School for Classics: An Academy of Thinkers, Writers and Peformers",0.528623447
19K760,Highland Park Community School,0.598466546
19K764,The Urban Assembly School for Collaborative Healthcare,0.568329017
20K030,PS/IS 30 Mary White Ovington,0.6232044
20K062,J.H.S. 062 Ditmas,0.65307744
20K104,P.S./I.S. 104 The Fort Hamilton School,0.722819623
20K163,P.S. 163 Bath Beach,0.816074077
20K180,The SEEALL Academy,0.653365907
20K187,The Christa McAuliffe School\I.S. 187,0.817314838
20K192,P.S. 192 - The Magnet School for Math and Science Inquiry,0.69364388
20K201,J.H.S. 201 The Dyker Heights,0.704300715
20K220,J.H.S. 220 John J. Pershing,0.620154815
20K223,J.H.S. 223 The Montauk,0.641357932
20K227,J.H.S. 227 Edward B. Shallow,0.608414407
20K229,P.S. 229 Dyker,0.661356822
20K259,J.H.S. 259 William Mckinley,0.710989852
20K445,New Utrecht High School,0.502554986
20K485,High School of Telecommunication Arts and Technology,0.62621201
20K490,Fort Hamilton High School,0.514215018
20K505,Franklin Delano Roosevelt High School,0.491720453
20K609,Urban Assembly School for Criminal Justice,0.713594829
20K658,Franklin Delano Roosevelt YABC,0.458345861
20K686,Brooklyn School of Inquiry,0.753027698
21K095,P.S. 095 The Gravesend,0.850169078
21K096,I.S. 096 Seth Low,0.656628858
21K098,I.S. 98 Bay Academy,0.717069524
21K099,P.S. 099 Isaac Asimov,0.871357039
21K121,P.S. 121 Nelson A. Rockefeller,0.648026679
21K209,P.S. 209 Margaret Mead,0.693935304
21K225,P.S. K225 - The Eileen E. Zaglin,0.672523152
21K226,P.S. 226 Alfred De B.Mason,0.756725887
21K228,I.S. 228 David A. Boody,0.67413392
21K238,P.S. 238 Anne Sullivan,0.659910208
21K239,Mark Twain I.S. 239 for the Gifted & Talented,0.71842055
21K281,I.S. 281 Joseph B Cavallaro,0.627182888
21K288,P.S. 288 The Shirley Tanyhill,0.717560064
21K303,I.S. 303 Herbert S. Eisenberg,0.785218723
21K337,International High School at Lafayette,0.559728977
21K344,Rachel Carson High School for Coastal Studies,0.563533864
21K348,High School of Sports Management,0.554146547
21K410,Abraham Lincoln High School,0.424333742
21K411,Abraham Lincoln Yabc,0.397945878
21K468,Kingsborough Early College School,0.511268949
21K525,Edward R. Murrow High School,0.522730682
21K540,John Dewey High School,0.444476689
21K559,Life Academy High School for Film and Music,0.631687595
21K572,Expeditionary Learning School for Community Leaders,0.669752677
21K620,William E. Grady Career and Technical Education High School,0.364620933
21K690,Brooklyn Studio Secondary School,0.486850847
21K728,Liberation Diploma Plus,0.714038968
22K014,J.H.S. 014 Shell Bank,0.616544306
22K078,J.H.S. 078 Roy H. Mann,0.549951141
22K109,P.S. 109,0.582045541
22K206,P.S. 206 Joseph F Lamb,0.728237926
22K207,P.S. 207 Elizabeth G. Leary,0.755884185
22K234,J.H.S. 234 Arthur W. Cunningham,0.714357146
22K240,Andries Hudde,0.633307432
22K278,J.H.S. 278 Marine Park,0.617938841
22K381,I. S. 381,0.618368533
22K405,Midwood High School,0.541019727
22K425,James Madison High School,0.438358642
22K495,Sheepshead Bay High School,0.373177317
22K535,Leon M. Goldstein High School for the Sciences,0.509569217
22K555,Brooklyn College Academy,0.703313279
22K611,Origins High School,0.558863308
22K630,Professional Pathways High School,0.758089207
23K041,P.S. 041 Francis White,0.636677368
23K073,P.S. 073 Thomas S. Boyland,0.612376742
23K137,P.S./I.S. 137 Rachel Jean Mitchell,0.620274363
23K155,P.S./ I.S. 155 Nicholas Herkimer,0.633020734
23K165,P.S. 165 Ida Posner,0.623864251
23K178,P.S. 178 Saint Clair Mckelway,0.579769027
23K184,P.S. 184 Newport,0.54781464
23K284,P.S. 284 Lew Wallace,0.543191386
23K323,P.S./I.S. 323,0.694145033
23K327,P.S. 327 Dr. Rose B. English,0.574359713
23K363,Brownsville Collaborative Middle School,0.631156228
23K392,I.S. 392,0.72849895
23K493,Brooklyn Collegiate: A College Board School,0.554122476
23K514,Frederick Douglass Academy VII High School,0.531972178
23K518,Kappa V,0.691317137
23K522,Mott Hall IV,0.670944048
23K634,General D. Chappie James Middle School of Science,0.581493711
23K643,Brooklyn Democracy Academy,0.496084897
23K644,Eagle Academy for Young Men II,0.629444152
23K646,Aspirations Diploma Plus High School,0.535394787
23K647,Metropolitan Diploma Plus High School,0.647772858
23K664,Brooklyn Environmental Exploration School (BEES),0.645628017
23K668,Riverdale Avenue Middle School,0.782443836
23K671,Mott Hall Bridges Academy,0.750668855
23K697,Teachers Preparatory High School,0.568435449
24Q005,I.S. 5 - The Walter Crowley Intermediate School,0.691347152
24Q049,P.S. 049 Dorothy Bonawit Kole,0.660722909
24Q058,P.S. 58 - School of Heroes,0.737766252
24Q061,I.S. 061 Leonardo Da Vinci,0.641111384
24Q073,I.S. 73 - The Frank Sansivieri Intermediate School,0.576624486
24Q077,I.S. 077,0.565761987
24Q087,P.S. / I.S. 087 Middle Village,0.733448349
24Q093,I.S. 093 Ridgewood,0.628427944
24Q102,P.S. 102 Bayview,0.787253955
24Q113,P.S./I.S. 113 Anthony J. Pranzo,0.75251779
24Q119,I.S. 119 The Glendale,0.710352357
24Q125,I.S. 125 Thom J. McCann Woodside,0.728001728
24Q128,"P.S. 128 The Lorraine Tuzzo, Juniper Valley Elementary School",0.673143178
24Q153,P.S. 153 Maspeth Elem,0.775127326
24Q236,International High School for Health Sciences,0.691752379
24Q264,Academy of Finance and Enterprise,0.626828435
24Q267,High School of Applied Communication,0.55402597
24Q293,Civic Leadership Academy,0.711169996
24Q296,Pan American International High School,0.566368384
24Q299,Bard High School Early College Queens,0.647988624
24Q311,Corona Arts and Sciences Academy,0.675315519
24Q455,Newtown High School,0.547148575
24Q457,HS Arts & Business Yabc,0.40207816
24Q485,Grover Cleveland High School,0.38231407
24Q520,Middle College High School at LaGuardia Community College,0.497358009
24Q530,International High School at LaGuardia Community College,0.742717462
24Q550,High School for Arts and Business,0.652450479
24Q560,"Robert F. Wagner, Jr. Secondary School for Arts and Technology",0.596504607
24Q585,Maspeth High School,0.559760305
24Q600,Queens Vocational and Technical High School,0.530419076
24Q610,Aviation Career & Technical Education High School,0.522543738
24Q744,VOYAGES Preparatory,0.580339981
25Q025,I.S. 025 Adrien Block,0.60552881
25Q164,P.S. 164 Queens Valley,0.617006153
25Q185,J.H.S. 185 Edward Bleeker,0.715735915
25Q189,J.H.S. 189 Daniel Carter Beard,0.659251062
25Q194,J.H.S. 194 William Carr,0.624354041
25Q200,PS/MS 200 - The Pomonok School & STAR Academy,0.55245578
25Q219,P.S. 219 Paul Klapper,0.724933354
25Q237,I.S. 237,0.619601904
25Q240,Veritas Academy,0.565949334
25Q241,Queens High School for Language Studies,0.728331599
25Q250,I.S. 250 The Robert F. Kennedy Community Middle School,0.670049574
25Q252,"Queens School of Inquiry, The",0.650778979
25Q263,Flushing International High School,0.648089603
25Q281,East-West School of International Studies,0.622285146
25Q285,World Journalism Preparatory: A College Board School,0.521732211
25Q294,BELL Academy,0.650703753
25Q425,John Bowne High School,0.419195286
25Q460,Flushing High School,0.371272644
25Q467,Flushing Yabc,0.419268129
25Q499,"The Queens College School for Math, Science and Technology",0.655135063
25Q525,Townsend Harris High School,0.694469047
25Q540,Queens Academy High School,0.439416903
25Q670,Robert F. Kennedy Community High School,0.488627685
25Q792,North Queens Community High School,0.481700656
26Q067,J.H.S. 067 Louis Pasteur,0.624766301
26Q074,J.H.S. 074 Nathaniel Hawthorne,0.671525558
26Q158,M.S. 158 Marie Curie,0.660695339
26Q172,Irwin Altman Middle School 172,0.624225695
26Q178,P.S./ IS 178 Holliswood,0.661559132
26Q216,J.H.S. 216 George J. Ryan,0.734673124
26Q266,P.S. / I.S. 266,0.675531991
26Q315,Business Technology Early College High School,0.665870348
26Q415,Benjamin N. Cardozo High School,0.481669552
26Q430,Francis Lewis High School,0.653541543
26Q435,Martin Van Buren High School,0.432872729
26Q495,Bayside High School,0.511901366
26Q566,"Queens High School of Teaching, Liberal Arts and the Sciences",0.478862301
27Q042,P.S./M.S 042 R. Vernam,0.696782263
27Q043,P.S. 043,0.477673542
27Q045,P.S. 045 Clarence Witherspoon,0.668172598
27Q047,P.S. 047 Chris Galas,0.826219512
27Q053,M.S. 053 Brian Piccolo,0.681510001
27Q105,P.S. 105 The Bay School,0.711862914
27Q114,P.S. / M.S. 114 Belle Harbor,0.780435387
27Q124,P.S. 124 Osmond A Church,0.723661062
27Q137,M.S. 137 America's School of Heroes,0.632850523
27Q146,P.S. 146 Howard Beach,0.692774112
27Q183,P.S. 183 Dr. Richard R. Green,0.735861395
27Q202,J.H.S. 202 Robert H. Goddard,0.630968277
27Q207,P.S. 207 Rockwood Park,0.740474578
27Q210,J.H.S. 210 Elizabeth Blackwell,0.655164007
27Q226,J.H.S. 226 Virgil I. Grissom,0.600999717
27Q232,P.S. 232 Lindenwood,0.834884169
27Q260,Frederick Douglass Academy VI High School,0.424358046
27Q261,Voyages Prep - South Queens,0.648110029
27Q262,Channel View School for Research,0.6480909
27Q282,Knowledge and Power Preparatory Academy VI,0.684031159
27Q297,Hawtree Creek Middle School,0.869229039
27Q302,"Queens High School for Information, Research, and Technology",0.492041778
27Q308,Robert H. Goddard High School of Communication Arts and Technology,0.634834228
27Q309,Academy of Medical Technology: A College Board School,0.553456287
27Q314,Epic High School - South,0.515420953
27Q318,WATERSIDE SCHOOL FOR LEADERSHIP,0.776607747
27Q319,VILLAGE ACADEMY,0.646665335
27Q323,Scholars' Academy,0.787139547
27Q324,Rockaway Park High School for Environmental Sustainability,0.475522114
27Q333,Goldie Maple Academy,0.672653572
27Q334,Epic High School - North,0.550273318
27Q351,Rockaway Collegiate High School,0.28867899
27Q400,August Martin High School,0.364948719
27Q475,Richmond Hill High School,0.458981803
27Q480,John Adams High School,0.388891851
27Q487,John Adams Yabc,0.610658668
27Q650,"High School for Construction Trades, Engineering and Architecture",0.602900068
28Q008,J.H.S. 008 Richard S. Grossley,0.523885667
28Q072,Catherine & Count Basie Middle School 72,0.518551997
28Q099,P.S. 099 Kew Gardens,0.745
28Q101,P.S. 101 School in the Gardens,0.861775567
28Q157,J.H.S. 157 Stephen A. Halsey,0.712541939
28Q167,Metropolitan Expeditionary Learning School,0.575221271
28Q190,J.H.S. 190 Russell Sage,0.600976583
28Q217,J.H.S. 217 Robert A. Van Wyck,0.654249094
28Q284,York Early College Academy,0.713490719
28Q287,The Emerson School,0.584080147
28Q310,Queens Collegiate: A College Board School,0.601144404
28Q325,Hillside Arts & Letters Academy,0.610216209
28Q328,High School for Community Leadership,0.626990361
28Q332,Redwood Middle School,0.669680644
28Q338,Queens Satellite High School for Opportunity,0.358656652
28Q350,Jamaica Gateway to the Sciences,0.456451706
28Q440,Forest Hills High School,0.465371795
28Q505,Hillcrest High School,0.523499192
28Q620,Thomas A. Edison Career and Technical Education High School,0.522542835
28Q680,Queens Gateway to Health Sciences Secondary School,0.616670277
28Q686,QUEENS METROPOLITAN HIGH SCHOOL,0.538003905
28Q687,Queens High School for the Sciences at York College,0.422062038
28Q690,High School for Law Enforcement and Public Safety,0.425726688
28Q896,"Young Women's Leadership School, Queens",0.663227142
29Q059,I.S. 059 Springfield Gardens,0.663312475
29Q109,Jean Nuzzi Intermediate School,0.616492506
29Q116,PS/IS 116 William C. Hughley,0.631983293
29Q138,P.S./ M.S.138 Sunrise,0.556187064
29Q147,PS/MS 147 Ronald McNair,0.763343018
29Q156,P.S. 156 Laurelton,0.588668535
29Q192,I.S. 192 The Linden,0.514594216
29Q208,P.S. / I.S. 208,0.710138268
29Q238,I.S. 238 - Susan B. Anthony Academy,0.326276868
29Q243,Institute for Health Professions at Cambria Heights,0.664209706
29Q248,Queens Preparatory Academy,0.488483305
29Q259,Pathways College Preparatory School: A College Board School,0.551903479
29Q265,Excelsior Preparatory High School,0.522724181
29Q268,PS/IS 268,0.718619081
29Q270,The Gordon Parks School,0.739757468
29Q272,George Washington Carver High School for the Sciences,0.492279722
29Q283,Preparatory Academy for Writers: A College Board School,0.517647671
29Q289,Queens United Middle School,0.634046015
29Q295,P.S./I.S. 295,0.719521944
29Q313,Benjamin Franklin High School for Finance & Information Technology,0.504689298
29Q326,Cambria Heights Academy,0.490605595
29Q327,Eagle Academy for Young Men III,0.357203815
29Q355,Collaborative Arts Middle School,0.572873417
29Q356,Community Voices Middle School,0.638980207
29Q492,"Mathematics, Science Research and Technology Magnet High School",0.521116637
29Q494,"Law, Government and Community Service High School",0.321185435
29Q496,"Business, Computer Applications & Entrepreneurship High School",0.42916438
29Q498,Humanities & Arts Magnet High School,0.467358613
30Q010,I.S. 010 Horace Greeley,0.707562812
30Q011,P.S. 011 Kathryn Phelan,0.737733189
30Q078,P.S./I.S. 78Q,0.638762939
30Q084,P.S. 084 Steinway,0.654411765
30Q111,P.S. 111 Jacob Blackwell,0.619626199
30Q122,P.S. 122 Mamie Fay,0.832439678
30Q126,Albert Shanker School for Visual and Performing Arts,0.666509798
30Q127,P.S. 127 Aerospace Science Magne,0.6659872
30Q141,I.S. 141 The Steinway,0.708139964
30Q145,I.S. 145 Joseph Pulitzer,0.723043343
30Q150,P.S. 150 Queens,0.787577142
30Q152,P.S. 152 Gwendoline N. Alleyne School,0.823478308
30Q204,I.S. 204 Oliver W. Holmes,0.62399094
30Q227,I.S. 227 Louis Armstrong,0.754796375
30Q230,I.S. 230,0.688893239
30Q235,Academy for New Americans,0.814924429
30Q258,Energy Tech High School,0.604123192
30Q286,"Young Women's Leadership School, Astoria",0.752765888
30Q291,Hunters Point Community Middle School,0.612800609
30Q300,The 30th Avenue School (G&T Citywide),0.857758621
30Q301,Academy for Careers in Television and Film,0.660829096
30Q445,William Cullen Bryant High School,0.420764273
30Q450,Long Island City High School,0.48453512
30Q501,Frank Sinatra School of the Arts High School,0.630472793
30Q502,Information Technology High School,0.50266244
30Q555,Newcomers High School,0.594139106
30Q575,Academy of American Studies,0.65753888
30Q580,Baccalaureate School for Global Education,0.75964496
31R002,I.S. R002 George L. Egbert,0.619542191
31R007,I.S. 007 Elias Bernstein,0.717914286
31R024,I.S. 024 Myra S. Barnes,0.565493634
31R027,I.S. 027 Anning S. Prall,0.488316344
31R028,The Eagle Academy for Young Men of Staten Island,0.757153282
31R034,I.S. 034 Tottenville,0.699221702
31R047,CSI High School for International Studies,0.691195271
31R048,P.S. 048 William G. Wilcox,0.708045914
31R049,I.S. 49 Berta A. Dreyfus,0.565890725
31R051,I.S. 051 Edwin Markham,0.635761577
31R061,I.S. 061 William A Morris,0.574454455
31R063,Marsh Avenue School for Expeditionary Learning,0.728081414
31R064,Gaynor McCown Expeditionary Learning School,0.578824425
31R072,I.S. 072 Rocco Laurie,0.667222664
31R075,I.S. 075 Frank D. Paulo,0.682943445
31R080,The Michael J. Petrides School,0.665890173
31R440,New Dorp High School,0.461996349
31R445,Port Richmond High School,0.443465239
31R450,Curtis High School,0.480272925
31R455,Tottenville High School,0.513502201
31R460,Susan E. Wagner High School,0.473940883
31R470,Concord High School,0.571426722
31R600,Ralph R. McKee Career and Technical Education High School,0.481944847
31R605,Staten Island Technical High School,0.80401642
31R607,Staten Island Yabc,0.439687212
31R861,Staten Island School of Civic Leadership,0.672912865
32K045,P.S./I.S. 045 Horace E. Greene,0.842887465
32K162,J.H.S. 162 The Willoughby,0.581830297
32K168,The Brooklyn School for Math and Research,0.517767282
32K291,J.H.S. 291 Roland Hayes,0.631534623
32K347,I.S. 347 School of Humanities,0.581085
32K349,"I.S. 349 Math, Science & Tech.",0.661978689
32K377,P.S. 377 Alejandrina B. De Gautier,0.648927385
32K383,J.H.S. 383 Philippa Schuyler,0.699230796
32K384,P.S. /I.S. 384 Frances E. Carter,0.750574163
32K403,Academy for Environmental Leadership,0.525361958
32K545,EBC High School for Public Service - Bushwick,0.52096931
32K549,Bushwick School for Social Justice,0.523729137
32K552,Academy of Urban Planning,0.524423984
32K554,All City Leadership Secondary School,0.83129551
32K556,Bushwick Leaders High School for Academic Excellence,0.502368178
32K562,Evergreen Middle School for Urban Exploration,0.717654906
32K564,Bushwick Community High School,0.669415426
75K036,P.S. 36,0.468782532
75K053,P.S. K053,0.898538187
75K077,P.S. K077,0.725368523
75K140,P.S. K140,0.550307859
75K231,P.S. K231,0.799107143
75K368,P.S. 368,0.313716234
75K369,P.S. K369 - Coy L. Cox School,0.566324609
75K370,P.S. 370,0.708824787
75K371,P.S. 371 - Lillian L. Rashkis,0.479886183
75K373,P.S. 373 - Brooklyn Transition Center,0.624362895
75K396,P.S. K396,0.483333333
75K721,P.S. K721 - Brooklyn Occupational Training Center,0.6375
75K753,P.S. K753 - School for Career Development,0.377512144
75K771,P.S. K771,0.656324181
75K811,P.S. K811 Connie Lekas School,0.633986928
75M035,P.S. 035,0.300546736
75M079,P.S. M079 - Horan School,0.452728802
75M094,P.S. M094,0.587107162
75M138,P.S. 138,0.487490456
75M169,P.S. M169 - Robert F. Kennedy,0.555051407
75M226,P.S. M226,0.695710456
75M721,P.S. M721 - Manhattan Occupational Training Center,0.684257768
75M751,Manhattan School for Career Development,0.691587792
75M811,P.S. M811 - Mickey Mantle School,0.881159906
75Q004,P.S. Q004,0.826086957
75Q009,P.S. 009,0.58494775
75Q023,P.S. Q023 @ Queens Children Center,0.41432131
75Q075,Robert E. Peary School,0.849228048
75Q177,P.S. Q177,0.728656828
75Q224,P.S. Q224,0.631810466
75Q233,P.S. Q233,0.625409983
75Q256,P.S. Q256,0.550901695
75Q277,The Riverview School,0.285714286
75Q721,John F. Kennedy Jr. School,0.648986889
75Q752,Queens Transition Center,0.499803229
75Q811,P.S. Q811,0.579451112
75Q993,P.S. Q993,0.542334876
75R025,South Richmond High School I.S./P.S. 25,0.421814777
75R037,P.S. R037,0.393780695
75R373,P.S. R373,0.823558798
75R721,THE RICHARD H. HUNGERFORD SCHOOL,0.838141026
75X010,P.S. X010,0.700912925
75X012,P.S. X012 Lewis and Clark School,0.581711106
75X017,P.S. X017,0.633961351
75X168,P.S. 168,0.54460559
75X176,P.S. X176,0.687635575
75X186,P186X Walter J. Damrosch School,0.653004839
75X188,P.S. X188,0.528309723
75X352,The Vida Bogart School for All Children,0.251244321
75X721,P.S. X721 - Stephen McSweeney School,0.640010654
75X723,P.S. 723,0.491883257
75X754,J. M. Rapport School Career Development,0.385854235
75X811,P.S. X811,0.612256078
84K355,Williamsburg Collegiate Charter School,0.788329519
84K356,Achievement First Crown Heights Charter School,0.588026759
84K357,KIPP AMP Charter School,0.676649746
84K358,Achievement First East New York Charter School,0.766707169
84K359,The Uft Charter School,0.379872367
84K360,LAUNCH EXPEDITIONARY LEARNING CHARTER SCHOOL,0.545730859
84K362,Hellenic Classical Charter School,0.779209038
84K379,Explore Excel Charter School,0.605381166
84K386,Invictus Preparatory Charter School,0.584803276
84K417,Urban Dove Charter School,0.429450652
84K473,Williamsburg Charter High School,0.527491547
84K486,New Dawn Charter High School,0.428380843
84K508,Achievement First Endeavor Charter School,0.677119628
84K536,Community Roots Charter School,0.561536812
84K538,Achievement First Bushwick Charter School,0.343498833
84K593,Excellence Boys Charter School,0.482822982
84K608,Kings Collegiate Charter School,0.787878788
84K626,Achievement First Brownsville Charter School,0.630063959
84K648,Bedford Stuyvesant Collegiate Charter School,0.728143713
84K651,PAVE Academy Charter School,0.617696506
84K652,Brooklyn Ascend Charter School,0.721547711
84K693,Northside Charter High School,0.571306725
84K702,Community Partnership Charter School,0.573249914
84K703,Beginning With Children Charter School,0.604312233
84K704,Explore Charter School,0.539359567
84K707,Brooklyn Prospect Charter School,0.578505358
84K710,Brownsville Collegiate Charter School,0.665876777
84K711,Leadership Preparatory Brownsville Charter School,0.668756957
84K712,Excellence Girls Charter School,0.662165045
84K724,Leadership Prep Canarsie Charter School (Leadership Prep CS 4),0.789049885
84K726,Fahari Academy Charter School,0.57951518
84K730,Summit Academy Charter School,0.514972849
84K731,Brooklyn Excelsior Charter School,0.578721457
84K733,"Math, Engineering, and Science Academy Charter High School",0.659621303
84K737,Brownsville Ascend Charter School,0.737768514
84K738,New Visions Charter High School for Advanced Math and Science III,0.645688323
84K739,New Visions Charter High School for the Humanities III,0.293992249
84K740,Brooklyn Scholars Charter School,0.551971537
84K742,Explore Empower Charter School,0.596719397
84K744,Coney Island Preparatory Public Charter School,0.587301916
84K757,Unity Prep Charter School,0.668912345
84K758,Brooklyn Urban Garden Charter School,0.549118803
84K775,Leadership Preparatory Ocean Hill Charter School,0.686124964
84K777,Ocean Hill Collegiate Charter School,0.742818747
84K780,Brooklyn East Collegiate Charter School,0.680593703
84K782,Bedford Stuyvesant New Beginnings Charter School,0.465097309
84K803,Brooklyn LABCharter School,0.47668531
84M065,Democracy Prep Endurance Charter School,0.753690225
84M068,KIPP Washington Heights Middle School,0.760734497
84M279,The Opportunity Charter School,0.579354452
84M284,Harlem Children's Zone Promise Academy 1 Charter School,0.552072911
84M330,Girls Preparatory Charter School of New York,0.64801246
84M335,Harlem Village Academy Leadership Charter School,0.558885892
84M336,KIPP Infinity Charter School,0.825388601
84M341,Harlem Children's Zone Promise Academy II Charter School,0.631165853
84M350,Democracy Prep Charter School,0.688995771
84M351,Success Academy Charter School - Harlem 1,0.74205772
84M353,New Heights Academy Charter School,0.634719207
84M382,DREAM Charter School,0.668612995
84M384,Success Academy Charter School - Harlem 2,0.598042734
84M385,Success Academy Charter School - Harlem 3,0.663984017
84M386,Success Academy Charter School - Harlem 4,0.688859268
84M388,St. HOPE Leadership Academy Charter School,0.66386503
84M430,The Equity Project Charter School (TEP),0.814093822
84M433,Renaissance Charter High School for Innovation,0.511945941
84M478,Inwood Academy for Leadership Charter School,0.594147868
84M481,Democracy Prep Harlem Charter School,0.600956507
84M522,Broome Street Academy Charter School,0.350863655
84M704,Harbor Science and Arts Charter School,0.620532071
84M707,John V. Lindsay Wildcat Academy Charter School,0.686784397
84M708,Harlem Prep Charter School,0.589967501
84M709,Harlem Village Academy Charter School,0.67838836
84M726,KIPP STAR College Prep Charter School,0.576048243
84M861,Future Leaders Institute Charter School,0.637199454
84Q083,Central Queens Academy Charter School,0.751252368
84Q298,Middle Village Prep Charter School,0.721136802
84Q304,VOICE Charter School of New York,0.507510381
84Q321,Growing Up Green Charter School,0.743589744
84Q341,Riverton Street Charter School,0.700876895
84Q704,Merrick Academy - Queens Public Charter School,0.688752647
84Q705,Renaissance Charter School,0.512484146
84Q706,Our World Neighborhood Charter School,0.629810817
84R067,John W. Lavelle Preparatory Charter School,0.60473145
84R073,New World Preparatory Charter School,0.655287576
84X177,Mott Hall Charter School,0.611377579
84X185,Bronx Lighthouse Charter School,0.610773222
84X200,ROADS Charter School II,0.31765465
84X202,New Visions Charter High School for Advanced Math and Science II,0.655776568
84X208,New Visions Charter High School for the Humanities II,0.324945302
84X255,Bronx Charter School for Excellence,0.755656879
84X258,Tech International Charter School,0.612373308
84X345,Hyde Leadership Charter School,0.546809655
84X346,South Bronx Classical Charter School,0.702392857
84X347,International Leadership Charter High School,0.592361797
84X389,Bronx Global Learning Institute for Girls Charter School,0.626763797
84X393,University Prep Charter High School,0.621320493
84X395,"NYC Charter High School for Architecture, Engineering and Construction Industries (AECI)",0.534185701
84X419,Bronx Academy of Promise Charter School,0.825037707
84X422,Icahn Charter School 3,0.586403304
84X461,Metropolitan Lighthouse Charter School,0.674061203
84X471,American Dream Charter School,0.722666762
84X482,Dr. Richard Izquierdo Health and Science Charter School,0.611102541
84X487,Girls Preparatory Charter School of the Bronx,0.747460114
84X488,The Equality Charter School,0.627207196
84X491,Academic Leadership Charter School,0.876749142
84X496,Icahn Charter School 4,0.780916468
84X539,New Visions Charter High School for Advanced Math and Science,0.434071477
84X553,New Visions Charter High School for the Humanities,0.47987266
84X703,Bronx Preparatory Charter School,0.55115922
84X704,KIPP Academy Charter School,0.694029851
84X705,Family Life Academy Charter School,0.790619765
84X706,Harriet Tubman Charter School,0.722368498
84X717,Icahn Charter School,0.708896864
84K888,Achievement First HS,0.441208319
84K969,Uncommon Preparatory Charter High School,0.362036
84K979,Uncommon Charter HS 2,0.715674539
84K989,Achievement First University Prep,0.568227293
84K999,Uncommon Charter HS,0.729714286
84M888,Harlem Village Academy HS,0.543640898
84M999,KIPP NYC College Prep,0.613494191
